iterCounter, dimersInMT, activeDimersInMT, inactiveDimersInMT, activeDimersFree,inactiveDimersFree, longestProtoFilament, lengthOfMT, totalGTPs, activeGTPs,inactiveGTPs, mtRepresentation, DeHydro Katanins, Hydro Katanins, Bonded Katanins

21,0,0,0,0,600,0,0,600,0,600,XXXXXXXXXXXXXXXXXXXXXXXXXXXXXXXXXXXXXXXXXXXXXXXXXXXXXXXXXXXXXXXXXXXXXXXXXXXXXXXXXXXXXXXXXXXXXXXXXXXXXXXXXXXXXXXXXXXXXXXXXXXXXXXXXXXXXXXXXXXXXXXXXXXXXXXXXXXXXXXXXXXXXXXXXXXXXXXXXXXXXXXXXXXXXXXXXXXXXXXXXXXXXXXXXXXXXXXXXXXXXXXXXXXXXXXXXXXXXXXXXXXXXXXXXXXXXXXXXXXXXXXXXXXXXXXXXXXXXXXXXXXXXX,0,0,0
42,0,0,0,0,600,0,0,600,0,600,XXXXXXXXXXXXXXXXXXXXXXXXXXXXXXXXXXXXXXXXXXXXXXXXXXXXXXXXXXXXXXXXXXXXXXXXXXXXXXXXXXXXXXXXXXXXXXXXXXXXXXXXXXXXXXXXXXXXXXXXXXXXXXXXXXXXXXXXXXXXXXXXXXXXXXXXXXXXXXXXXXXXXXXXXXXXXXXXXXXXXXXXXXXXXXXXXXXXXXXXXXXXXXXXXXXXXXXXXXXXXXXXXXXXXXXXXXXXXXXXXXXXXXXXXXXXXXXXXXXXXXXXXXXXXXXXXXXXXXXXXXXXXX,0,0,0
63,0,0,0,0,600,0,0,600,0,600,XXXXXXXXXXXXXXXXXXXXXXXXXXXXXXXXXXXXXXXXXXXXXXXXXXXXXXXXXXXXXXXXXXXXXXXXXXXXXXXXXXXXXXXXXXXXXXXXXXXXXXXXXXXXXXXXXXXXXXXXXXXXXXXXXXXXXXXXXXXXXXXXXXXXXXXXXXXXXXXXXXXXXXXXXXXXXXXXXXXXXXXXXXXXXXXXXXXXXXXXXXXXXXXXXXXXXXXXXXXXXXXXXXXXXXXXXXXXXXXXXXXXXXXXXXXXXXXXXXXXXXXXXXXXXXXXXXXXXXXXXXXXXX,0,0,0
84,0,0,0,0,600,0,0,600,0,600,XXXXXXXXXXXXXXXXXXXXXXXXXXXXXXXXXXXXXXXXXXXXXXXXXXXXXXXXXXXXXXXXXXXXXXXXXXXXXXXXXXXXXXXXXXXXXXXXXXXXXXXXXXXXXXXXXXXXXXXXXXXXXXXXXXXXXXXXXXXXXXXXXXXXXXXXXXXXXXXXXXXXXXXXXXXXXXXXXXXXXXXXXXXXXXXXXXXXXXXXXXXXXXXXXXXXXXXXXXXXXXXXXXXXXXXXXXXXXXXXXXXXXXXXXXXXXXXXXXXXXXXXXXXXXXXXXXXXXXXXXXXXXX,0,0,0

105,0,0,0,0,600,0,0,600,0,600,XXXXXXXXXXXXXXXXXXXXXXXXXXXXXXXXXXXXXXXXXXXXXXXXXXXXXXXXXXXXXXXXXXXXXXXXXXXXXXXXXXXXXXXXXXXXXXXXXXXXXXXXXXXXXXXXXXXXXXXXXXXXXXXXXXXXXXXXXXXXXXXXXXXXXXXXXXXXXXXXXXXXXXXXXXXXXXXXXXXXXXXXXXXXXXXXXXXXXXXXXXXXXXXXXXXXXXXXXXXXXXXXXXXXXXXXXXXXXXXXXXXXXXXXXXXXXXXXXXXXXXXXXXXXXXXXXXXXXXXXXXXXXX,0,0,0
126,0,0,0,0,600,0,0,600,0,600,XXXXXXXXXXXXXXXXXXXXXXXXXXXXXXXXXXXXXXXXXXXXXXXXXXXXXXXXXXXXXXXXXXXXXXXXXXXXXXXXXXXXXXXXXXXXXXXXXXXXXXXXXXXXXXXXXXXXXXXXXXXXXXXXXXXXXXXXXXXXXXXXXXXXXXXXXXXXXXXXXXXXXXXXXXXXXXXXXXXXXXXXXXXXXXXXXXXXXXXXXXXXXXXXXXXXXXXXXXXXXXXXXXXXXXXXXXXXXXXXXXXXXXXXXXXXXXXXXXXXXXXXXXXXXXXXXXXXXXXXXXXXXX,0,0,0
147,0,0,0,0,600,0,0,600,0,600,XXXXXXXXXXXXXXXXXXXXXXXXXXXXXXXXXXXXXXXXXXXXXXXXXXXXXXXXXXXXXXXXXXXXXXXXXXXXXXXXXXXXXXXXXXXXXXXXXXXXXXXXXXXXXXXXXXXXXXXXXXXXXXXXXXXXXXXXXXXXXXXXXXXXXXXXXXXXXXXXXXXXXXXXXXXXXXXXXXXXXXXXXXXXXXXXXXXXXXXXXXXXXXXXXXXXXXXXXXXXXXXXXXXXXXXXXXXXXXXXXXXXXXXXXXXXXXXXXXXXXXXXXXXXXXXXXXXXXXXXXXXXXX,0,0,0
168,0,0,0,0,600,0,0,600,0,600,XXXXXXXXXXXXXXXXXXXXXXXXXXXXXXXXXXXXXXXXXXXXXXXXXXXXXXXXXXXXXXXXXXXXXXXXXXXXXXXXXXXXXXXXXXXXXXXXXXXXXXXXXXXXXXXXXXXXXXXXXXXXXXXXXXXXXXXXXXXXXXXXXXXXXXXXXXXXXXXXXXXXXXXXXXXXXXXXXXXXXXXXXXXXXXXXXXXXXXXXXXXXXXXXXXXXXXXXXXXXXXXXXXXXXXXXXXXXXXXXXXXXXXXXXXXXXXXXXXXXXXXXXXXXXXXXXXXXXXXXXXXXXX,0,0,0
189,0,0,0,0,600,0,0,600,0,600,XXXXXXXXXXXXXXXXXXXXXXXXXXXXXXXXXXXXXXXXXXXXXXXXXXXXXXXXXXXXXXXXXXXXXXXXXXXXXXXXXXXXXXXXXXXXXXXXXXXXXXXXXXXXXXXXXXXXXXXXXXXXXXXXXXXXXXXXXXXXXXXXXXXXXXXXXXXXXXXXXXXXXXXXXXXXXXXXXXXXXXXXXXXXXXXXXXXXXXXXXXXXXXXXXXXXXXXXXXXXXXXXXXXXXXXXXXXXXXXXXXXXXXXXXXXXXXXXXXXXXXXXXXXXXXXXXXXXXXXXXXXXXX,0,0,0

210,0,0,0,2,598,0,0,598,13,585,XXXXXXXXXXXXXXXXXXXXXXXXXXXXXXXXXXXXXXXXXXXXXXXXXXXXXXXXXXXXXXXXXXXXXXXXXXXXXXXXXXXXXXXXXXXXXXXXXXXXXXXXXXXXXXXXXXXXXXXXXXXXXXXXXXXXXXXXXXXXXXXXXXXXXXXXXXXXXXXXXXXXXXXXXXXXXXXXXXXXXXXXXXXXXXXXXXXXXXXXXXXXXXXXXXXXXXXXXXXXXXXXXXXXXXXXXXXXXXXXXXXXXXXXXXXXXXXXXXXXXXXXXXXXXXXXXXXXXXXXXXXXXX,0,0,0
231,0,0,0,9,591,0,0,591,47,544,XXXXXXXXXXXXXXXXXXXXXXXXXXXXXXXXXXXXXXXXXXXXXXXXXXXXXXXXXXXXXXXXXXXXXXXXXXXXXXXXXXXXXXXXXXXXXXXXXXXXXXXXXXXXXXXXXXXXXXXXXXXXXXXXXXXXXXXXXXXXXXXXXXXXXXXXXXXXXXXXXXXXXXXXXXXXXXXXXXXXXXXXXXXXXXXXXXXXXXXXXXXXXXXXXXXXXXXXXXXXXXXXXXXXXXXXXXXXXXXXXXXXXXXXXXXXXXXXXXXXXXXXXXXXXXXXXXXXXXXXXXXXXX,0,0,0
252,0,0,0,17,583,0,0,583,68,515,XXXXXXXXXXXXXXXXXXXXXXXXXXXXXXXXXXXXXXXXXXXXXXXXXXXXXXXXXXXXXXXXXXXXXXXXXXXXXXXXXXXXXXXXXXXXXXXXXXXXXXXXXXXXXXXXXXXXXXXXXXXXXXXXXXXXXXXXXXXXXXXXXXXXXXXXXXXXXXXXXXXXXXXXXXXXXXXXXXXXXXXXXXXXXXXXXXXXXXXXXXXXXXXXXXXXXXXXXXXXXXXXXXXXXXXXXXXXXXXXXXXXXXXXXXXXXXXXXXXXXXXXXXXXXXXXXXXXXXXXXXXXXX,0,0,0
273,0,0,0,25,575,0,0,575,111,464,XXXXXXXXXXXXXXXXXXXXXXXXXXXXXXXXXXXXXXXXXXXXXXXXXXXXXXXXXXXXXXXXXXXXXXXXXXXXXXXXXXXXXXXXXXXXXXXXXXXXXXXXXXXXXXXXXXXXXXXXXXXXXXXXXXXXXXXXXXXXXXXXXXXXXXXXXXXXXXXXXXXXXXXXXXXXXXXXXXXXXXXXXXXXXXXXXXXXXXXXXXXXXXXXXXXXXXXXXXXXXXXXXXXXXXXXXXXXXXXXXXXXXXXXXXXXXXXXXXXXXXXXXXXXXXXXXXXXXXXXXXXXXX,0,0,0
294,0,0,0,40,560,0,0,560,138,422,XXXXXXXXXXXXXXXXXXXXXXXXXXXXXXXXXXXXXXXXXXXXXXXXXXXXXXXXXXXXXXXXXXXXXXXXXXXXXXXXXXXXXXXXXXXXXXXXXXXXXXXXXXXXXXXXXXXXXXXXXXXXXXXXXXXXXXXXXXXXXXXXXXXXXXXXXXXXXXXXXXXXXXXXXXXXXXXXXXXXXXXXXXXXXXXXXXXXXXXXXXXXXXXXXXXXXXXXXXXXXXXXXXXXXXXXXXXXXXXXXXXXXXXXXXXXXXXXXXXXXXXXXXXXXXXXXXXXXXXXXXXXXX,0,0,0

315,1,1,0,49,550,0,0,550,178,372,XXXXXXXXXXXXXXXXXXXXXXXXXXXXXXXXXXXXXXXXXXXXXXXXXXXXXXXXXXXXXXXXXXXXXXXXXXXXXXXXXXXXXXXXXXXXXXXXXXXXXXXXXXXXXXXXXXXXXXXXXXXXXXXXXXXXXXXXXXXXXXXXXXXXXXXXXXXXXXXXXXXXXXXXXXXXXXXXXXXXXXXXXXXXXXXXXXXXXXXXXXXXXXXXXXXXXXXXXXXXXXXXXXXXXXXXXXXXXXXXXXGXXXXXXXXXXXXXXXXXXXXXXXXXXXXXXXXXXXXXXXXXXX,0,0,0
336,2,2,0,63,535,0,0,535,204,331,XXXXXXXXXXXXXXXXXXXXXXXXXXXXXXXXXXXXXXXXXXXXXXXXXXXXXXXXXXXXXXXXXXXXXXXXXXXXXXXXXXXXXXXXXXXXXXXXXXXXXXXXXXXXXXXXXXXXXXXXXXXXXXXXXXXXXXXXXXXXXXXXXXXXXXXXXXXXXXXXXXXXXXXXXXXXXXXXXXXXXXXXXXXXXXXXXXXXXXXXXXXXXXXXXXXXXXXXXXXXXXXXXXXXXXXXXXXXXXXXXXGAXXXXXXXXXXXXXXXXXXXXXXXXXXXXXXXXXXXXXXXXXX,0,0,0
357,4,4,0,81,515,0,0,515,213,302,XXXXXXXXXXXXXXXXXXXXXXXXXXXXXXXXXXXXXXXXXXXXXXXXXXXXXXXXXXXXXXXXXXXXXXXXXXXXXXXXXXXXXXXXXXXXXXXXXXXXXXXXXXXXXXXXXXXXXXXXXXXXXXXXXXXXXXXXXXXXXXXXXXXXXXXXXXXXXXXXXXXXXXXXXXXXXXXXXXXXXXXXXXXXXXXXXXXXXXXXXXXXXXXXXXXXXXXXXXXXGAXXXXXXXXXXXXXXXXXXXXGAXXXXXXXXXXXXXXXXXXXXXXXXXXXXXXXXXXXXXXXXXX,0,0,0
378,5,5,0,103,492,0,0,492,231,261,XXXXXXXXXXXXXXXXXXXXXXXXXXXXXXXXXXXXXXXXXXXXXXXXXXXXXXXXXXXXXXXXXXXXXXXXXXXXXXXXXXXXXXXXXXXXXXXXXXXXXXXXXXXXXXXXXXXXXXXXXXXXXXXXXXXXXXXXXXXXXXXXXXXXXXXXXXXXXXXXXXXXXXXXXXXXXXXXXXXXXXXXXXXXXXXXXXXXXXXXXXXXXXXXXXXXXXXXXXXXGAXXXXXXXXXXXXXXXXXXXXGAAXXXXXXXXXXXXXXXXXXXXXXXXXXXXXXXXXXXXXXXXX,0,0,0
399,6,6,0,121,473,0,0,473,254,219,XXXXXXXXXXXXXXXXXXXXXXXXXXXXXXXXXXXXXXXXXXXXXXXXXXXXXXXXXXXXXXXXXXXXXXXXXXXXXXXXXXXXXXXXXXXXXXXXXXXXXXXXXXXXXXXXXXXXXXXXXXXXXXXXXXXXXXXXXXXXXXXXXXXXXXXXXXXXXXXXXXXXXXXXXXXXXXXXXXXXXXXXXXXXXXXXXXXXXXXXXXXXXXXXXXXXXXXXXXXXGAAXXXXXXXXXXXXXXXXXXXGAAXXXXXXXXXXXXXXXXXXXXXXXXXXXXXXXXXXXXXXXXX,0,0,0

420,10,10,0,136,454,0,0,454,278,176,XXXXXXXXXXXXXXXXXXXXXXXXXXXXXXXXXXXXXXXXXXXXXXXXXXXXXXXXXXXXXXXXXXGAAXXXXXXXXXXXXXXXXXXXXXXXXXXXXXXXXXXXXXXXXXXXXXXXXXXXXXXXXXXXXXXXXXXXXXXXXXXXXXXXXXXXXXXXXXXXXXXXXXXXXXXXXXXXXXXXXXXXXXXXXXXXXXXXXXXXXXXXXXXXXXXXXXXXXXXXGAAXXXXXXXXXXXXXXXXXXXGAAAXXXXXXXXXXXXXXXXXXXXXXXXXXXXXXXXXXXXXXXX,0,0,0
441,13,13,0,159,428,0,0,428,290,138,XXXXXXXXXXXXXXXXXXXXXXXXXXXXXXXXXXXXXXXXXXXXGAXXXXXXXXXXXXXXXXXXXXGAAAXXXXXXXXXXXXXXXXXXXXXXXXXXXXXXXXXXXXXXXXXXXXXXXXXXXXXXXXXXXXXXXXXXXXXXXXXXXXXXXXXXXXXXXXXXXXXXXXXXXXXXXXXXXXXXXXXXXXXXXXXXXXXXXXXXXXXXXXXXXXXXXXXXXXXXGAAXXXXXXXXXXXXXXXXXXXGAAAXXXXXXXXXXXXXXXXXXXXXXXXXXXXXXXXXXXXXXXX,0,0,0
462,19,19,0,167,414,0,0,414,317,97,XXXXXXXXXXXXXXXXXXXXXXXXXXXXXXXXXXXXXXXXXXXXGAAXXXXXXXXXXXXXXXXXXXGAAAAXXXXXXXXXXXXXXXXXXXXXXXXXXXXXXXXXXXXXXXGXXXXXXXXXXXXXXXXXXXXXXXXXXXXXXXXXXXXXXXXXXXXXXXXXXXXXXXXXXXXXXXXXXXXXXXXXXXXXXXXXXXXXXXXXXXXXXXXXXXXXXXXXXXXXGAAXXXXXXXXXXXXXXXXXXXGAAAAAAXXXXXXXXXXXXXXXXXXXXXXXXXXXXXXXXXXXXX,0,0,0
483,20,20,0,183,397,0,0,397,347,50,XXXXXXXXXXXXXXXXXXXXXXXXXXXXXXXXXXXXXXXXXXXXGAAXXXXXXXXXXXXXXXXXXXGAAAAXXXXXXXXXXXXXXXXXXXXXXXXXXXXXXXXXXXXXXXGXXXXXXXXXXXXXXXXXXXXXXXXXXXXXXXXXXXXXXXXXXXXXXXXXXXXXXXXXXXXXXXXXXXXXXXXXXXXXXXXXXXXXXXXXXXXXXXXXXXXXXXXXXXXXGAAXXXXXXXXXXXXXXXXXXXGAAAAAAAXXXXXXXXXXXXXXXXXXXXXXXXXXXXXXXXXXXX,0,0,0
504,22,22,0,198,380,0,0,380,380,0,XXXXXXXXXXXXXXXXXXXXXXXXXXXXXXXXXXXXXXXXXXXXGAAXXXXXXXXXXXXXXXXXXXGAAAAXXXXXXXXXXXXXXXXXXXXXXXXXXXXXXXXXXXXXXXGXXXXXXXXXXXXXXXXXXXXXXXXXXXXXXXXXXXXXXXXXXXXXXXXXXXXXXXXXXXXXXXXXXXXXXXXXXXXXXXXXXXXXXXGXXXXXXXXXXXXXXXXXXXXXGAAAXXXXXXXXXXXXXXXXXXGAAAAAAAXXXXXXXXXXXXXXXXXXXXXXXXXXXXXXXXXXXX,0,0,0

525,29,29,0,206,365,0,0,365,365,0,XXXXXXXXXXXXXXXXXXXXXXXXXXXXXXXXXXXXXXXXXXXXGAAAAAAXXXXXXXXXXXXXXXGAAAAXXXXXXXXXXXXXXXXXXXXXXXXXXXXXXXXXXXXXXXGAXXXXXXXXXXXXXXXXXXXXXXXXXXXXXXXXXXXXXXXXXXXXXXXXXXXXXXXXXXXXXXXXXXXXXXXXXXXXXXXXXXXXXXGXXXXXXXXXXXXXXXXXXXXXGAAAAAXXXXXXXXXXXXXXXXGAAAAAAAXXXXXXXXXXXXXXXXXXXXXXXXXXXXXXXXXXXX,0,0,0
546,34,34,0,219,347,0,0,347,347,0,XXXXXXXXXXXXXXXXXXXXXXXXXXXXXXXXXXXXXXXXXXXXGAAAAAAAXXXXXXXXXXXXXXGAAAAXXXXXXXXXXXXXXXXXXXXXXXXXXXXXXXXXXXXXXXGAXXXXXXXXXXXXXXXXXXXXXXXXXXXXXXXXXXXXXXXXXXXXXXXXXXXXXXXXXXXXXXXXXXXXXXXXXXXXXXXXXXXXXXGXXXXXXXXXXXXXXXXXXXXXGAAAAAAXXXXXXXXXXXXXXXGAAAAAAAAAAXXXXXXXXXXXXXXXXXXXXXXXXXXXXXXXXX,0,0,0
567,46,46,0,217,337,0,0,337,337,0,GAXXXXXXXXXXXXXXXXXXXXXXXXXXXXXXXXXXXXXXXXXXGAAAAAAAAAAAAXXXXXXXXXGAAAAXXXXXXXXXXXXXXXXXXXXXXXXXXXXXXXXXXXXXXXGAXXXXXXXXXXXXXXXXXXXXGXXXXXXXXXXXXXXXXXXXXXXXXXXXXXXXXXXXXXXXXXXXXXXXXXXXXXXXXXXXXXXXXXGAXXXXXXXXXXXXXXXXXXXXGAAAAAAXXXXXXXXXXXXXXXGAAAAAAAAAAAAAXXXXXXXXXXXXXXXXXXXXXXXXXXXXXX,0,0,0
588,48,48,0,230,322,0,0,322,322,0,GAAXXXXXXXXXXXXXXXXXXXXXXXXXXXXXXXXXXXXXXXXXGAAAAAAAAAAAAXXXXXXXXXGAAAAXXXXXXXXXXXXXXXXXXXXXXXXXXXXXXXXXXXXXXXGAAXXXXXXXXXXXXXXXXXXXGXXXXXXXXXXXXXXXXXXXXXXXXXXXXXXXXXXXXXXXXXXXXXXXXXXXXXXXXXXXXXXXXXGAXXXXXXXXXXXXXXXXXXXXGAAAAAAXXXXXXXXXXXXXXXGAAAAAAAAAAAAAXXXXXXXXXXXXXXXXXXXXXXXXXXXXXX,0,0,0
609,48,48,0,233,319,0,0,319,319,0,GAAXXXXXXXXXXXXXXXXXXXXXXXXXXXXXXXXXXXXXXXXXGAAAAAAAAAAAAXXXXXXXXXGAAAAXXXXXXXXXXXXXXXXXXXXXXXXXXXXXXXXXXXXXXXGAAXXXXXXXXXXXXXXXXXXXGXXXXXXXXXXXXXXXXXXXXXXXXXXXXXXXXXXXXXXXXXXXXXXXXXXXXXXXXXXXXXXXXXGAXXXXXXXXXXXXXXXXXXXXGAAAAAAXXXXXXXXXXXXXXXGAAAAAAAAAAAAAXXXXXXXXXXXXXXXXXXXXXXXXXXXXXX,0,0,0

630,49,49,0,239,312,0,0,312,312,0,GAAXXXXXXXXXXXXXXXXXXXXXXXXXXXXXXXXXXXXXXXXXGAAAAAAAAAAAAXXXXXXXXXGAAAAAXXXXXXXXXXXXXXXXXXXXXXXXXXXXXXXXXXXXXXGAAXXXXXXXXXXXXXXXXXXXGXXXXXXXXXXXXXXXXXXXXXXXXXXXXXXXXXXXXXXXXXXXXXXXXXXXXXXXXXXXXXXXXXGAXXXXXXXXXXXXXXXXXXXXGAAAAAAXXXXXXXXXXXXXXXGAAAAAAAAAAAAAXXXXXXXXXXXXXXXXXXXXXXXXXXXXXX,0,0,0
651,49,49,0,249,302,0,0,302,302,0,GAAXXXXXXXXXXXXXXXXXXXXXXXXXXXXXXXXXXXXXXXXXGAAAAAAAAAAAAXXXXXXXXXGAAAAAXXXXXXXXXXXXXXXXXXXXXXXXXXXXXXXXXXXXXXGAAXXXXXXXXXXXXXXXXXXXGXXXXXXXXXXXXXXXXXXXXXXXXXXXXXXXXXXXXXXXXXXXXXXXXXXXXXXXXXXXXXXXXXGAXXXXXXXXXXXXXXXXXXXXGAAAAAAXXXXXXXXXXXXXXXGAAAAAAAAAAAAAXXXXXXXXXXXXXXXXXXXXXXXXXXXXXX,0,0,0
672,52,52,0,253,295,0,0,295,295,0,GAAXXXXXXXXXXXXXXXXXXXXXXXXXXXXXXXXXXXXXXXXXGAAAAAAAAAAAAAXXXXXXXXGAAAAAXXXXXXXXXXXXXXXXXXXXXXXXXXXXXXXXXXXXXXGAAXXXXXXXXXXXXXXXXXXXGXXXXXXXXXXXXXXXXXXXXXGXXXXXXXXXXXXXXXXXXXXXXXXXXXXXXXXXXXXXXXXXXXGAXXXXXXXXXXXXXXXXXXXXGAAAAAAAXXXXXXXXXXXXXXGAAAAAAAAAAAAAXXXXXXXXXXXXXXXXXXXXXXXXXXXXXX,0,0,0
693,55,55,0,254,291,0,0,291,291,0,GAAXXXXXXXXXXXXXXXXXXXXXXXXXXXXXXXXXXXXXXXXXGAAAAAAAAAAAAAAAXXXXXXGAAAAAXXXXXXXXXXXXXXXXXXXXXXXXXXXXXXXXXXXXXXGAAXXXXXXXXXXXXXXXXXXXGXXXXXXXXXXXXXXXXXXXXXGXXXXXXXXXXXXXXXXXXXXXGXXXXXXXXXXXXXXXXXXXXXGAXXXXXXXXXXXXXXXXXXXXGAAAAAAAXXXXXXXXXXXXXXGAAAAAAAAAAAAAXXXXXXXXXXXXXXXXXXXXXXXXXXXXXX,0,0,0
714,59,58,1,257,284,0,0,285,282,3,GAAAXXXXXXXXXXXXXXXXXXXXXXXXXXXXXXXXXXXXXXXXGAAAAAAAAAAAAAAAXXXXXXGAOAAAAAXXXXXXXXXXXXXXXXXXXXXXXXXXXXXXXXXXXXGAAXXXXXXXXXXXXXXXXXXXGXXXXXXXXXXXXXXXXXXXXXGXXXXXXXXXXXXXXXXXXXXXGAXXXXXXXXXXXXXXXXXXXXGAXXXXXXXXXXXXXXXXXXXXGAAAAAAAXXXXXXXXXXXXXXGAAAAAAAAAAAAAXXXXXXXXXXXXXXXXXXXXXXXXXXXXXX,0,0,0

735,62,57,5,259,279,0,0,284,273,11,GAAAXXXXXXXXXXXXXXXXXXXXXXXXXXXXXXXXXXXXXXXXGAAAAAAAAAAAAAAAXXXXXXGOOOAAAAXXXXXXXXXXXXXXXXXXXXXXXXXXXXXXXXXXXXGAAAXXXXXXXXXXXXXXXXXXGAXXXXXXXXXXXXXXXXXXXXGXXXXXXXXXXXXXXXXXXXXXGAXXXXXXXXXXXXXXXXXXXXGAXXXXXXXXXXXXXXXXXXXXGAAAAAAAXXXXXXXXXXXXXXGAAAAAAAAOAAAAXXXXXXXXGXXXXXXXXXXXXXXXXXXXXX,0,0,0
756,63,57,6,258,279,0,0,285,267,18,GAAAXXXXXXXXXXXXXXXXXXXXXXXXXXXXXXXXXXXXXXXXGAAAAAAAAAAAAAAAXXXXXXGOOOAAAAXXXXXXXXXXXXXXXXXXXXXXXXXXXXXXXXXXXXGAAAXXXXXXXXXXXXXXXXXXGAXXXXXXXXXXXXXXXXXXXXGXXXXXXXXXXXXXXXXXXXXXGAXXXXXXXXXXXXXXXXXXXXGAXXXXXXXXXXXXXXXXXXXXGAOAAAAAAXXXXXXXXXXXXXGAAAAAAAAOAAAAXXXXXXXXGXXXXXXXXXXXXXXXXXXXXX,0,0,0
777,64,58,6,252,284,0,0,290,263,27,GAAAXXXXXXXXXXXXXXXXXXXXXXXXXXXXXXXXXXXXXXXXGAAAAAAAAAAAAAAAXXXXXXGOOOAAAAXXXXXXXXXXXXXXXXXXXXXXXXXXXXXXXXXXXXGAAAXXXXXXXXXXXXXXXXXXGAXXXXXXXXXXXXXXXXXXXXGXXXXXXXXXXXXXXXXXXXXXGAXXXXXXXXXXXXXXXXXXXXGAXXXXXXXXXXXXXXXXXXXXGAOAAAAAAAXXXXXXXXXXXXGAAAAAAAAOAAAAXXXXXXXXGXXXXXXXXXXXXXXXXXXXXX,0,0,0
798,61,53,8,239,300,0,0,308,260,48,GAAAXXXXXXXXXXXXXXXXXXXXXXXXXXXXXXXXXXXXXXXXGOAAAAAAAAAXXXXXXXXXXXGOOOAAAAXXXXXXXXXXXXXXXXXXXXXXXXXXXXXXXXXXXXGAAAXXXXXXXXXXXXXXXXXXGAXXXXXXXXXXXXXXXXXXXXGAXXXXXXXXXXXXXXXXXXXXGAAXXXXXXXXXXXXXXXXXXXGAXXXXXXXXXXXXXXXXXXXXGAOAAAAAAAXXXXXXXXXXXXGAAAAAAAAOAAAAXXXXXXXXGXXXXXXXXXXXXXXXXXXXXX,0,0,0
819,61,51,10,235,304,0,0,313,254,59,GAAAXXXXXXXXXXXXXXXXXXXXXXXXXXXXXXXXXXXXXXXXGOAAAAAAAAAXXXXXXXXXXXGOOOAAAAXXXXXXXXXXXXXXXXXXXXXXXXXXXXXXXXXXXXGAAAXXXXXXXXXXXXXXXXXXGAXXXXXXXXXXXXXXXXXXXXGAXXXXXXXXXXXXXXXXXXXXGAAXXXXXXXXXXXXXXXXXXXGOXXXXXXXXXXXXXXXXXXXXGAOAAAAAAAXXXXXXXXXXXXGAAAAOAAAOAAAAXXXXXXXXGXXXXXXXXXXXXXXXXXXXXX,0,0,0

840,64,52,12,226,310,0,0,322,249,73,GAAAXXXXXXXXXXXXXXXXXXXXXXXXXXXXXXXXXXXXXXXXGOAAAAAAAAAXXXXXXXXXXXGOOOAAAAXXXXXXXXXXXXXXGXXXXXXXXXXXXXXXXXXXXXGAAAAXXXXXXXXXXXXXXXXXGAXXXXXXXXXXXXXXXXXXXXGAXXXXXXXXXXXXXXXXXXXXGAAXXXXXXXXXXXXXXXXXXXGOXXXXXXXXXXXXXXXXXXXXGAOAAAAOAAAXXXXXXXXXXXGOAAAOAAAOAAAAXXXXXXXXGXXXXXXXXXXXXXXXXXXXXX,0,0,0
861,66,48,18,215,319,0,0,337,242,95,GAAAXXXXXXXXXXXXXXXXXXXXXXXXXXXXXXXXXXXXXXXXGOAAOAAAAAAXXXXXXXXXXXGOOOAAAAXXXXXXXXXXXXXXGAXXXXXXXXXXXXXXXXXXXXGAAAAAXXXXXXXXXXXXXXXXGAXXXXXXXXXXXXXXXXXXXXGAXXXXXXXXXXXXXXXXXXXXGAAXXXXXXXXXXXXXXXXXXXGOXXXXXXXXXXXXXXXXXXXXGOOOAAAXAAAXXXXXXXXXXXGOAAAOOAAOAAAOXXXXXXXXGOXXXXXXXXXXXXXXXXXXXX,0,0,0
882,67,46,21,204,329,0,0,350,235,115,GAOAXXXXXXXXXXXXXXXXXXXXXXXXXXXXXXXXXXXXXXXXGOAAOAAAAAAXXXXXXXXXXXGOOOAOAAXXXXXXXXXXXXXXGAXXXXXXXXXXXXXXXXXXXXGAAAAAXXXXXXXXXXXXXXXXGAXXXXXXXXXXXXXXXXXXXXGAXXXXXXXXXXXXXXXXXXXXGAAAXXXXXXXXXXXXXXXXXXGOXXXXXXXXXXXXXXXXXXXXGOOOAAAXAAAXXXXXXXXXXXGOOAAOOAAOAAAOXXXXXXXXGOXXXXXXXXXXXXXXXXXXXX,0,0,0
903,66,43,23,192,342,0,0,365,230,135,GOOAXXXXXXXXXXXXXXXXXXXXXXXXXXXXXXXXXXXXXXXXGOAAOAOAAAAXXXXXXXXXXXGOOOAOAAXXXXXXXXXXXXXXGAXXXXXXXXXXXXXXXXXXXXGAAAAAXXXXXXXXXXXXXXXXGAXXXXXXXXXXXXXXXXXXXXGAXXXXXXXXXXXXXXXXXXXXGAAAXXXXXXXXXXXXXXXXXXGOXXXXXXXXXXXXXXXXXXXXGOOOAAAXAAAXXXXXXXXXXXGOOAAOOAAXAAAOXXXXXXXXGOXXXXXXXXXXXXXXXXXXXX,0,0,0
924,66,36,30,185,349,0,0,379,224,155,GOOAXXXXXXXXXXXXXXXXXXXXXXXXXXXXXXXXXXXXXXXXGOOAOAOAAAAXXXXXXXXXXXGOOOOOAAXXXXXXXXXXXXXXGAXXXXXXXXXXXXXXXXXXXXGOAAAAXXXXXXXXXXXXXXXXGAXXXXXXXXXXXXXXXXXXXXGAXXXXXXXXXXXXXXXXXXXXGAAAXXXXXXXXXXXXXXXXXXGOXXXXXXXXXXXXXXXXXXXXGOOOAAAXAAAXXXXXXXXXXXGOOOAOOAAXAAAOXXXXXXXXGOXXXXXXXXXXXXXXXXXXXX,0,0,0

945,66,32,34,169,365,0,0,399,220,179,GOOAXXXXXXXXXXXXXXXXXXXXXXXXXXXXXXXXXXXXXXXXGOOAOAOAAOAXXXXXXXXXXXGOOOOOAAXXXXXXXXXXXXXXGAXXXXXXXXXXXXXXXXXXXXGOAAOAXXXXXXXXXXXXXXXXGAXXXXXXXXXXXXXXXXXXXXGAXXXXXXXXXXXXXXXXXXXXGAAAXXXXXXXXXXXXXXXXXXGOXXXXXXXXXXXXXXXXXXXXGOOOAAAXAAAXXXXXXXXXXXGOOOOOOAAXAAOOXXXXXXXXGOXXXXXXXXXXXXXXXXXXXX,0,0,0
966,67,30,37,167,366,0,0,403,208,195,GOOAXXXXXXXXXXXXXXXXXXXXXXXXXXXXXXXXXXXXXXXXGOOAOAOAOOAXXXXXXXXXXXGOOOOOAAXXXXXXXXXXXXXXGAAXXXXXXXXXXXXXXXXXXXGOAAOAXXXXXXXXXXXXXXXXGAXXXXXXXXXXXXXXXXXXXXGAXXXXXXXXXXXXXXXXXXXXGAAAXXXXXXXXXXXXXXXXXXGOXXXXXXXXXXXXXXXXXXXXGOOOAOAXAAAXXXXXXXXXXXGOOOOOOOAAAAOXXXXXXXXXGOXXXXXXXXXXXXXXXXXXXX,0,0,0
987,68,29,39,158,374,0,0,411,206,205,GOOAXXXXXXXXXXXXXXXXXXXXXXXXXXXXXXXXXXXXXXXXGOOAOAOAOOAXXXXXXXXXXXGOOOOOAAXXXXXXXXXXXXXXGAAXXXXXXXXXXXXXXXXXXXGOAAOAXXXXXXXXXXXXXXXXGAXXXXXXXXXXXXXXXXXXXXGAXXXXXXXXXXXXXXXXXXXXGAAAAXXXXXXXXXXXXXXXXXGOXXXXXXXXXXXXXXXXXXXXGOOOAOOXAAAXXXXXXXXXXXGOOOOOOOAAOAOXXXXXXXXXGOXXXXXXXXXXXXXXXXXXXX,0,0,0
1008,67,31,36,146,387,0,0,423,202,221,GOOAXXXXXXXXXXXXXXXXXXXXXXXXXXXXXXXXXXXXXXXXGOOOOAOAXOAXXXXXXXXXXXGOOOOOAAXXXXXXXXXXXXXXGAAXXXXXXXXXXXXXXXXXXXGOAAOAXXXXXXXXXXXXXXXXGAAXXXXXXXXXXXXXXXXXXXGOXXXXXXXXXXXXXXXXXXXXGAAAAXXXXXXXXXXXXXXXXXGAXXXXXXXXXXXXXXXXXXXXGOOOAOOAAAAAXXXXXXXXXXGOOOXXOOAAOAXXXXXXXXXXGOXXXXXXXXXXXXXXXXXXXX,0,0,0
1029,66,24,42,138,396,0,0,437,205,232,GOOAXXXXXXXXXXXXXXXXXXXXXXXXXXXXXXXXXXXXXXXXGOOOOOOOXXXXXXXXXXXXXXGOOOOOAAXXXXXXXXXXXXXXGAAXXXXXXXXXXXXXXXXXXXGOOAOAAXXXXXXXXXXXXXXXGAOXXXXXXXXXXXXXXXXXXXGOXXXXXXXXXXXXXXXXXXXXGAAAAXXXXXXXXXXXXXXXXXGAXXXXXXXXXXXXXXXXXXXXGOOOOOOAOAAOXXXXXXXXXXGOOOXXOOAAOAXXXXXXXXXXGOXXXXXXXXXXXXXXXXXXXX,0,0,0

1050,68,22,46,130,402,0,0,447,203,244,GOOAXXXXXXXXXXXXXXXXXXXXXXXXXXXXXXXXXXXXXXXXGOOOOOOOXXXXXXXXXXXXXXGOOOOOAAXXXXXXXXXXXXXXGAAAXXXXXXXXXXXXXXXXXXGOOAOAAAXXXXXXXXXXXXXXGAOXXXXXXXXXXXXXXXXXXXGOXXXXXXXXXXXXXXXXXXXXGAAOAXXXXXXXXXXXXXXXXXGAXXXXXXXXXXXXXXXXXXXXGOOOOOOAOAAOXXXXXXXXXXGOOOXXOOOAOAXXXXXXXXXXGOXXXXXXXXXXXXXXXXXXXX,0,0,0
1071,65,19,46,127,408,0,0,453,203,250,GOOAXXXXXXXXXXXXXXXXXXXXXXXXXXXXXXXXXXXXXXXXGOOOOOOXXXXXXXXXXXXXXXGOOOOOAAXXXXXXXXXXXXXXGAAAXXXXXXXXXXXXXXXXXXGOOAOAAAXXXXXXXXXXXXXXGAOXXXXXXXXXXXXXXXXXXXGOXXXXXXXXXXXXXXXXXXXXGOAOAXXXXXXXXXXXXXXXXXGAXXXXXXXXXXXXXXXXXXXXGOOOOOOAXAAOXXXXXXXXXXGOOOXXOOOAOXXXXXXXXXXXGOXXXXXXXXXXXXXXXXXXXX,0,0,0
1092,62,16,46,127,411,0,0,457,199,258,GOOAXXXXXXXXXXXXXXXXXXXXXXXXXXXXXXXXXXXXXXXXGOOOOOOXXXXXXXXXXXXXXXGOOOOOAAXXXXXXXXXXXXXXGAAOXXXXXXXXXXXXXXXXXXGOOAOAAAXXXXXXXXXXXXXXGAOXXXXXXXXXXXXXXXXXXXGOOXXXXXXXXXXXXXXXXXXXGOAOAXXXXXXXXXXXXXXXXXGAXXXXXXXXXXXXXXXXXXXXGOOOOOOAXXXXXXXXXXXXXXGOOOXXOOOAXXXXXXXXXXXXGOXXXXXXXXXXXXXXXXXXXX,0,0,0
1113,60,17,43,130,410,0,0,453,203,250,GOOAXXXXXXXXXXXXXXXXXXXXXXXXXXXXXXXXXXXXXXXXGOOOOOOXXXXXXXXXXXXXXXGOOOOXAAXXXXXXXXXXXXXXGAAOXXXXXXXXXXXXXXXXXXGOOAOAAAXXXXXXXXXXXXXXGAOXXXXXXXXXXXXXXXXXXXGOOXXXXXXXXXXXXXXXXXXXGOAOAXXXXXXXXXXXXXXXXXGAXXXXXXXXXXXXXXXXXXXXGOOOOXXAXXXXXXXXXXXXXXGOOOAXOOOAXXXXXXXXXXXXGOXXXXXXXXXXXXXXXXXXXX,0,0,0
1134,55,15,40,132,413,0,0,453,198,255,GOOAXXXXXXXXXXXXXXXXXXXXXXXXXXXXXXXXXXXXXXXXGOOOOOOXXXXXXXXXXXXXXXGOOOOXAAXXXXXXXXXXXXXXGAAOXXXXXXXXXXXXXXXXXXGOOAOAAAXXXXXXXXXXXXXXGAOXXXXXXXXXXXXXXXXXXXGOOXXXXXXXXXXXXXXXXXXXGOAOAXXXXXXXXXXXXXXXXXGAXXXXXXXXXXXXXXXXXXXXGOOOOXXXXXXXXXXXXXXXXXGOOOAXXXXXXXXXXXXXXXXXGOXXXXXXXXXXXXXXXXXXXX,0,0,0

1155,52,14,38,135,413,0,0,451,202,249,GOOAXXXXXXXXXXXXXXXXXXXXXXXXXXXXXXXXXXXXXXXXGOOOXXOXXXXXXXXXXXXXXXGOOOXXAOXXXXXXXXXXXXXXGAAOXXXXXXXXXXXXXXXXXXGOOAOAAAXXXXXXXXXXXXXXGAOXXXXXXXXXXXXXXXXXXXGOOXXXXXXXXXXXXXXXXXXXGOAOAXXXXXXXXXXXXXXXXXGAXXXXXXXXXXXXXXXXXXXXGOOOOXXXXXXXXXXXXXXXXXGOOOAXXXXXXXXXXXXXXXXXGOXXXXXXXXXXXXXXXXXXXX,0,0,0
1176,52,14,38,138,410,0,0,448,203,245,GOOAXXXXXXXXXXXXXXXXXXXXXXXXXXXXXXXXXXXXXXXXGOOOXXOXXXXXXXXXXXXXXXGOOOXXAOXXXXXXXXXXXXXXGAAOXXXXXXXXXXXXXXXXXXGOOAOAAAXXXXXXXXXXXXXXGAOXXXXXXXXXXXXXXXXXXXGOOXXXXXXXXXXXXXXXXXXXGOAOAXXXXXXXXXXXXXXXXXGAXXXXXXXXXXXXXXXXXXXXGOOOOXXXXXXXXXXXXXXXXXGOOOAXXXXXXXXXXXXXXXXXGOXXXXXXXXXXXXXXXXXXXX,0,0,0
1197,50,14,36,140,410,0,0,446,215,231,GOOAXXXXXXXXXXXXXXXXXXXXXXXXXXXXXXXXXXXXXXXXGOOOXXXXXXXXXXXXXXXXXXGOOOXXXXXXXXXXXXXXXXXXGAAOXXXXXXXXXXXXXXXXXXGOOAOAAAXXXXXXXXXXXXXXGAOXXXXXXXXXXXXXXXXXXXGOOXXXXXXXXXXXXXXXXXXXGOAOAXXXXXXXXXXXXXXXXXGAXXXXXXXXXXXXXXXXXXXXGOOOOAXXXXXXXXXXXXXXXXGOOOAXXXXXXXXXXXXXXXXXGOXXXXXXXXXXXXXXXXXXXX,0,0,0
1218,49,12,37,141,410,0,0,447,222,225,GOOOXXXXXXXXXXXXXXXXXXXXXXXXXXXXXXXXXXXXXXXXGOOOXXXXXXXXXXXXXXXXXXGOOOAXXXXXXXXXXXXXXXXXGAAOXXXXXXXXXXXXXXXXXXGOOAOAAAXXXXXXXXXXXXXXGOOXXXXXXXXXXXXXXXXXXXGOOXXXXXXXXXXXXXXXXXXXGOAOAXXXXXXXXXXXXXXXXXGAXXXXXXXXXXXXXXXXXXXXGOOXXOXXXXXXXXXXXXXXXXGOOOAXXXXXXXXXXXXXXXXXGOXXXXXXXXXXXXXXXXXXXX,0,0,0
1239,50,13,37,133,417,0,0,454,238,216,GOOOXXXXXXXXXXXXXXXXXXXXXXXXXXXXXXXXXXXXXXXXGOOOXXXXXXXXXXXXXXXXXXGOOOAXXXXXXXXXXXXXXXXXGAAOXXXXXXXXXXXXXXXXXXGOOOOAAAAAXXXXXXXXXXXXGOOXXXXXXXXXXXXXXXXXXXGOOXXXXXXXXXXXXXXXXXXXGOAOAXXXXXXXXXXXXXXXXXGAXXXXXXXXXXXXXXXXXXXXGOOXXXXXXXXXXXXXXXXXXXGOOOAXXXXXXXXXXXXXXXXXGOXXXXXXXXXXXXXXXXXXXX,0,0,0

1260,49,14,35,134,417,0,0,452,246,206,GOOOXXXXXXXXXXXXXXXXXXXXXXXXXXXXXXXXXXXXXXXXGXOOXXXXXXXXXXXXXXXXXXGOOOAAXXXXXXXXXXXXXXXXGAAOXXXXXXXXXXXXXXXXXXGOOOOAAAAAXXXXXXXXXXXXGOOXXXXXXXXXXXXXXXXXXXGOOXXXXXXXXXXXXXXXXXXXGOAOAXXXXXXXXXXXXXXXXXGAXXXXXXXXXXXXXXXXXXXXGOXXXXXXXXXXXXXXXXXXXXGOOOAXXXXXXXXXXXXXXXXXGOXXXXXXXXXXXXXXXXXXXX,0,0,0
1281,50,14,36,136,414,0,0,449,245,204,GOOOXXXXXXXXXXXXXXXXXXXXXXXXXXXXXXXXXXXXXXXXGXOOXXXXXXXXXXXXXXXXXXGOOOAAXXXXXXXXXXXXXXXXGAAOXXXXXXXXXXXXXXXXXXGOOOOAAAAAXXXXXXXXXXXXGOOXXXXXXXXXXXXXXXXXXXGOOXXXXXXXXXXXXXXXXXXXGOOOAXXXXXXXXXXXXXXXXXGAXXXXXXXXXXXXXXXXXXXXGOXXXXXXXXXXXXXXXXXXXXGOOOAXXXXXXXXXXXXXXXXXGOAXXXXXXXXXXXXXXXXXXX,0,0,0
1302,50,13,37,134,416,0,0,453,262,191,GOXOXXXXXXXXXXXXXXXXXXXXXXXXXXXXXXXXXXXXXXXXGAOOXXXXXXXXXXXXXXXXXXGOOOAAXXXXXXXXXXXXXXXXGAAOXXXXXXXXXXXXXXXXXXGOOOOAAAOAXXXXXXXXXXXXGOOXXXXXXXXXXXXXXXXXXXGOOXXXXXXXXXXXXXXXXXXXGOOOOXXXXXXXXXXXXXXXXXGAXXXXXXXXXXXXXXXXXXXXGOXXXXXXXXXXXXXXXXXXXXGOOOAXXXXXXXXXXXXXXXXXGOAXXXXXXXXXXXXXXXXXXX,0,0,0
1323,51,13,38,139,410,0,0,448,265,183,GOXOXXXXXXXXXXXXXXXXXXXXXXXXXXXXXXXXXXXXXXXXGAOOAXXXXXXXXXXXXXXXXXGOOOAAXXXXXXXXXXXXXXXXGAAOXXXXXXXXXXXXXXXXXXGOOOOAAOOAXXXXXXXXXXXXGOOXXXXXXXXXXXXXXXXXXXGOOXXXXXXXXXXXXXXXXXXXGOOOOXXXXXXXXXXXXXXXXXGAXXXXXXXXXXXXXXXXXXXXGOXXXXXXXXXXXXXXXXXXXXGOOOAXXXXXXXXXXXXXXXXXGOAXXXXXXXXXXXXXXXXXXX,0,0,0
1344,52,13,39,139,409,0,0,448,269,179,GOXXXXXXXXXXXXXXXXXXXXGXXXXXXXXXXXXXXXXXXXXXGAOOAXXXXXXXXXXXXXXXXXGOOOAAXXXXXXXXXXXXXXXXGAAOAXXXXXXXXXXXXXXXXXGOOOOOAOOAXXXXXXXXXXXXGOOXXXXXXXXXXXXXXXXXXXGOOXXXXXXXXXXXXXXXXXXXGOOOOXXXXXXXXXXXXXXXXXGAXXXXXXXXXXXXXXXXXXXXGOXXXXXXXXXXXXXXXXXXXXGOOOAXXXXXXXXXXXXXXXXXGOAXXXXXXXXXXXXXXXXXXX,0,0,0

1365,52,12,40,135,413,0,0,453,272,181,GOXXXXXXXXXXXXXXXXXXXXGXXXXXXXXXXXXXXXXXXXXXGAOOAXXXXXXXXXXXXXXXXXGOOOAXXXXXXXXXXXXXXXXXGOAOAXXXXXXXXXXXXXXXXXGOOOOOAOOAXXXXXXXXXXXXGOOXXXXXXXXXXXXXXXXXXXGOOAXXXXXXXXXXXXXXXXXXGOOOOXXXXXXXXXXXXXXXXXGAXXXXXXXXXXXXXXXXXXXXGOXXXXXXXXXXXXXXXXXXXXGOOOAXXXXXXXXXXXXXXXXXGOAXXXXXXXXXXXXXXXXXXX,0,0,0
1386,52,10,42,137,411,0,0,453,275,178,GOXXXXXXXXXXXXXXXXXXXXGXXXXXXXXXXXXXXXXXXXXXGAOOAXXXXXXXXXXXXXXXXXGOOOAXXXXXXXXXXXXXXXXXGOAOAXXXXXXXXXXXXXXXXXGOOOOOAOOAXXXXXXXXXXXXGOOXXXXXXXXXXXXXXXXXXXGOOAXXXXXXXXXXXXXXXXXXGOOOOXXXXXXXXXXXXXXXXXGOXXXXXXXXXXXXXXXXXXXXGOXXXXXXXXXXXXXXXXXXXXGOOOOXXXXXXXXXXXXXXXXXGOAXXXXXXXXXXXXXXXXXXX,0,0,0
1407,50,10,40,137,413,0,0,452,275,177,GXXXXXXXXXXXXXXXXXXXXXGXXXXXXXXXXXXXXXXXXXXXGAOOAOXXXXXXXXXXXXXXXXGOOOAXXXXXXXXXXXXXXXXXGOAOAXXXXXXXXXXXXXXXXXGOOOOXAOOAXXXXXXXXXXXXGOOXXXXXXXXXXXXXXXXXXXGOOAXXXXXXXXXXXXXXXXXXGOOOXXXXXXXXXXXXXXXXXXGOXXXXXXXXXXXXXXXXXXXXGOXXXXXXXXXXXXXXXXXXXXGOOOOXXXXXXXXXXXXXXXXXGOAXXXXXXXXXXXXXXXXXXX,0,0,0
1428,50,8,42,136,414,0,0,457,281,176,GXXXXXXXXXXXXXXXXXXXXXGXXXXXXXXXXXXXXXXXXXXXGAOOAOXXXXXXXXXXXXXXXXGOOOAXXXXXXXXXXXXXXXXXGOAOAXXXXXXXXXXXXXXXXXGOOOOXAOOAXXXXXXXXXXXXGOOXXXXXXXXXXXXXXXXXXXGOOOXXXXXXXXXXXXXXXXXXGOOOXXXXXXXXXXXXXXXXXXGOXXXXXXXXXXXXXXXXXXXXGOXXXXXXXXXXXXXXXXXXXXGOOOOXXXXXXXXXXXXXXXXXGOAXXXXXXXXXXXXXXXXXXX,0,0,0
1449,48,5,43,133,419,0,0,463,282,181,GXXXXXXXXXXXXXXXXXXXXXGXXXXXXXXXXXXXXXXXXXXXGOOOAOAXXXXXXXXXXXXXXXGOOOAXXXXXXXXXXXXXXXXXGOOOOXXXXXXXXXXXXXXXXXGOOOOXXXXXXXXXXXXXXXXXGOOXXXXXXXXXXXXXXXXXXXGOOOXXXXXXXXXXXXXXXXXXGOOOXXXXXXXXXXXXXXXXXXGOXXXXXXXXXXXXXXXXXXXXGOAXXXXXXXXXXXXXXXXXXXGOOOOXXXXXXXXXXXXXXXXXGOAXXXXXXXXXXXXXXXXXXX,0,0,0

1470,46,5,41,134,420,0,0,462,286,176,GXXXXXXXXXXXXXXXXXXXXXGXXXXXXXXXXXXXXXXXXXXXGOOOAXAXXXXXXXXXXXXXXXGOOOAXXXXXXXXXXXXXXXXXGOOOOXXXXXXXXXXXXXXXXXGOOOOXXXXXXXXXXXXXXXXXGOOXXXXXXXXXXXXXXXXXXXGOOOXXXXXXXXXXXXXXXXXXGOOOXXXXXXXXXXXXXXXXXXGOXXXXXXXXXXXXXXXXXXXXGOAXXXXXXXXXXXXXXXXXXXGOOXOXXXXXXXXXXXXXXXXXGOAXXXXXXXXXXXXXXXXXXX,0,0,0
1491,46,6,40,132,422,0,0,462,287,175,GXXXXXXXXXXXXXXXXXXXXXGXXXXXXXXXXXXXXXXXXXXXGOOOAXXXXXXXXXXXXXXXXXGOOOAXXXXXXXXXXXXXXXXXGOOOOXXXXXXXXXXXXXXXXXGOOOOAXXXXXXXXXXXXXXXXGOOAXXXXXXXXXXXXXXXXXXGOOOXXXXXXXXXXXXXXXXXXGOOOXXXXXXXXXXXXXXXXXXGOXXXXXXXXXXXXXXXXXXXXGOAXXXXXXXXXXXXXXXXXXXGOOXXXXXXXXXXXXXXXXXXXGOAXXXXXXXXXXXXXXXXXXX,0,0,0
1512,45,6,39,138,417,0,0,455,284,171,GXXXXXXXXXXXXXXXXXXXXXGXXXXXXXXXXXXXXXXXXXXXGOOOAXXXXXXXXXXXXXXXXXGOOOAXXXXXXXXXXXXXXXXXGOOOOXXXXXXXXXXXXXXXXXGOOOOAXXXXXXXXXXXXXXXXGOOAXXXXXXXXXXXXXXXXXXGOOOXXXXXXXXXXXXXXXXXXGOOOXXXXXXXXXXXXXXXXXXGXXXXXXXXXXXXXXXXXXXXXGOAXXXXXXXXXXXXXXXXXXXGOOXXXXXXXXXXXXXXXXXXXGOAXXXXXXXXXXXXXXXXXXX,0,0,0
1533,45,6,39,145,410,0,0,450,277,173,GXXXXXXXXXXXXXXXXXXXXXGXXXXXXXXXXXXXXXXXXXXXGOOOAXXXXXXXXXXXXXXXXXGOOOAXXXXXXXXXXXXXXXXXGOOOOXXXXXXXXXXXXXXXXXGOOOOAXXXXXXXXXXXXXXXXGOOAXXXXXXXXXXXXXXXXXXGOOOXXXXXXXXXXXXXXXXXXGOOOXXXXXXXXXXXXXXXXXXGXXXXXXXXXXXXXXXXXXXXXGOAXXXXXXXXXXXXXXXXXXXGOOXXXXXXXXXXXXXXXXXXXGOAXXXXXXXXXXXXXXXXXXX,0,0,0
1554,45,7,38,144,411,0,0,450,281,169,GAXXXXXXXXXXXXXXXXXXXXGXXXXXXXXXXXXXXXXXXXXXGOOOAXXXXXXXXXXXXXXXXXGOOOAXXXXXXXXXXXXXXXXXGOOOOXXXXXXXXXXXXXXXXXGOOOOAXXXXXXXXXXXXXXXXGOOAXXXXXXXXXXXXXXXXXXGOOOXXXXXXXXXXXXXXXXXXGOOOXXXXXXXXXXXXXXXXXXGXXXXXXXXXXXXXXXXXXXXXGOAXXXXXXXXXXXXXXXXXXXGOXXXXXXXXXXXXXXXXXXXXGOAXXXXXXXXXXXXXXXXXXX,0,0,0

1575,47,9,38,148,405,0,0,443,279,164,GAXXXXXXXXXXXXXXXXXXXXGAXXXXXXXXXXXXXXXXXXXXGOOOAXXXXXXXXXXXXXXXXXGOOOAXXXXXXXXXXXXXXXXXGOOOOAXXXXXXXXXXXXXXXXGOOOOAXXXXXXXXXXXXXXXXGOOAXXXXXXXXXXXXXXXXXXGOOOXXXXXXXXXXXXXXXXXXGOOOXXXXXXXXXXXXXXXXXXGXXXXXXXXXXXXXXXXXXXXXGOAXXXXXXXXXXXXXXXXXXXGOXXXXXXXXXXXXXXXXXXXXGOAXXXXXXXXXXXXXXXXXXX,0,0,0
1596,48,9,39,149,403,0,0,443,274,169,GAXXXXXXXXXXXXXXXXXXXXGAXXXXXXXXXXXXXXXXXXXXGOOOAXXXXXXXXXXXXXXXXXGOOOAXXXXXXXXXXXXXXXXXGOOOOAXXXXXXXXXXXXXXXXGOOOOOXXXXXXXXXXXXXXXXGOOAXXXXXXXXXXXXXXXXXXGOOOXXXXXXXXXXXXXXXXXXGOOOXXXXXXXXXXXXXXXXXXGXXXXXXXXXXXXXXXXXXXXXGOAAXXXXXXXXXXXXXXXXXXGOXXXXXXXXXXXXXXXXXXXXGOAXXXXXXXXXXXXXXXXXXX,0,0,0
1617,47,8,39,156,397,0,0,435,275,160,GAXXXXXXXXXXXXXXXXXXXXGAXXXXXXXXXXXXXXXXXXXXGXOXAXXXXXXXXXXXXXXXXXGOOOAXXXXXXXXXXXXXXXXXGOOOOOXXXXXXXXXXXXXXXXGOOOOOXXXXXXXXXXXXXXXXGOOAXXXXXXXXXXXXXXXXXXGOOOXXXXXXXXXXXXXXXXXXGOOOXXXXXXXXXXXXXXXXXXGAXXXXXXXXXXXXXXXXXXXXGOAXXXXXXXXXXXXXXXXXXXGOAXXXXXXXXXXXXXXXXXXXGOOXXXXXXXXXXXXXXXXXXX,0,0,0
1638,51,11,40,155,394,0,0,435,279,156,GAXXXXXXXXXXXXXXXXXXXXGAXXXXXXXXXXXXXXXXXXXXGXOXAAXXXXXXXXXXXXXXXXGOOOAAXXXXXXXXXXXXXXXXGOOOOOXXXXXXXXXXXXXXXXGOOOOOXXXXXXXXXXXXXXXXGOOOAXXXXXXXXXXXXXXXXXGOOOXXXXXXXXXXXXXXXXXXGOOOXXXXXXXXXXXXXXXXXXGAXXXXXXXXXXXXXXXXXXXXGOAXXXXXXXXXXXXXXXXXXXGOAAXXXXXXXXXXXXXXXXXXGOOXXXXXXXXXXXXXXXXXXX,0,0,0
1659,51,10,41,151,398,0,0,440,279,161,GAXXXXXXXXXXXXXXXXXXXXGAXXXXXXXXXXXXXXXXXXXXGXOXAAXXXXXXXXXXXXXXXXGOOOAAXXXXXXXXXXXXXXXXGOOOOOXXXXXXXXXXXXXXXXGOOOOOXXXXXXXXXXXXXXXXGOOOAXXXXXXXXXXXXXXXXXGOOOXXXXXXXXXXXXXXXXXXGOOOXXXXXXXXXXXXXXXXXXGAXXXXXXXXXXXXXXXXXXXXGOOXXXXXXXXXXXXXXXXXXXGOAAXXXXXXXXXXXXXXXXXXGOOXXXXXXXXXXXXXXXXXXX,0,0,0

1680,52,11,41,156,392,0,0,434,272,162,GAXXXXXXXXXXXXXXXXXXXXGAXXXXXXXXXXXXXXXXXXXXGAOXAAXXXXXXXXXXXXXXXXGOOOAAXXXXXXXXXXXXXXXXGOOOOOXXXXXXXXXXXXXXXXGOOOOOXXXXXXXXXXXXXXXXGOOOAXXXXXXXXXXXXXXXXXGOOOXXXXXXXXXXXXXXXXXXGOOOXXXXXXXXXXXXXXXXXXGAXXXXXXXXXXXXXXXXXXXXGOOXXXXXXXXXXXXXXXXXXXGOAAXXXXXXXXXXXXXXXXXXGOOXXXXXXXXXXXXXXXXXXX,0,0,0
1701,55,12,43,156,389,0,0,433,279,154,GAXXXXXXXXXXXXXXXXXXXXGAXXXXXXXXXXXXXXXXXXXXGAOXAAXXXXXXXXXXXXXXXXGOOOOAXXXXXXXXXXXXXXXXGOOOOOXXXXXXXXXXXXXXXXGOOOOOXXXXXXXXXXXXXXXXGOOOAXXXXXXXXXXXXXXXXXGOOOXXXXXXXXXXXXXXXXXXGOOOXXXXXXXXXXXXXXXXXXGAAXXXXXXXXXXXXXXXXXXXGOOOXXXXXXXXXXXXXXXXXXGOAAAXXXXXXXXXXXXXXXXXGOOXXXXXXXXXXXXXXXXXXX,0,0,0
1722,56,12,44,159,385,0,0,429,275,154,GAAXXXXXXXXXXXXXXXXXXXGAXXXXXXXXXXXXXXXXXXXXGOOXAAXXXXXXXXXXXXXXXXGOOOOAXXXXXXXXXXXXXXXXGOOOOOXXXXXXXXXXXXXXXXGOOOOOXXXXXXXXXXXXXXXXGOOOAXXXXXXXXXXXXXXXXXGOOOXXXXXXXXXXXXXXXXXXGOOOXXXXXXXXXXXXXXXXXXGAAXXXXXXXXXXXXXXXXXXXGOOOXXXXXXXXXXXXXXXXXXGOAAAXXXXXXXXXXXXXXXXXGOOXXXXXXXXXXXXXXXXXXX,0,0,0
1743,56,12,44,156,388,0,0,433,277,156,GAAXXXXXXXXXXXXXXXXXXXGAXXXXXXXXXXXXXXXXXXXXGOOXAAXXXXXXXXXXXXXXXXGOOOOAXXXXXXXXXXXXXXXXGOOOOOXXXXXXXXXXXXXXXXGOOOOOXXXXXXXXXXXXXXXXGOOOAXXXXXXXXXXXXXXXXXGOOOXXXXXXXXXXXXXXXXXXGOOOXXXXXXXXXXXXXXXXXXGAAXXXXXXXXXXXXXXXXXXXGOOOXXXXXXXXXXXXXXXXXXGOAAAXXXXXXXXXXXXXXXXXGOOXXXXXXXXXXXXXXXXXXX,0,0,0
1764,56,12,44,164,380,0,0,424,274,150,GAAXXXXXXXXXXXXXXXXXXXGAXXXXXXXXXXXXXXXXXXXXGOOXAAXXXXXXXXXXXXXXXXGOOOOAXXXXXXXXXXXXXXXXGOOOOOXXXXXXXXXXXXXXXXGOOOOOXXXXXXXXXXXXXXXXGOOOAXXXXXXXXXXXXXXXXXGOOOXXXXXXXXXXXXXXXXXXGOOOXXXXXXXXXXXXXXXXXXGAAXXXXXXXXXXXXXXXXXXXGOOOXXXXXXXXXXXXXXXXXXGOAAAXXXXXXXXXXXXXXXXXGOOXXXXXXXXXXXXXXXXXXX,0,0,0

1785,58,14,44,170,372,0,0,415,273,142,GAAXXXXXXXXXXXXXXXXXXXGAXXXXXXXXXXXXXXXXXXXXGOOXAAXXXXXXXXXXXXXXXXGOOOOAXXXXXXXXXXXXXXXXGOOOOOXXXXXXXXXXXXXXXXGOOOOOXXXXXXXXXXXXXXXXGOOOAXXXXXXXXXXXXXXXXXGOOOXXXXXXXXXXXXXXXXXXGOOOXXXXXXXXXXXXXXXXXXGAAXXXXXXXXXXXXXXXXXXXGOOOXXXXXXXXXXXXXXXXXXGOAAAXXXXXXXXXXXXXXXXXGOOAAXXXXXXXXXXXXXXXXX,0,0,0
1806,58,14,44,167,375,0,0,422,275,147,GAAXXXXXXXXXXXXXXXXXXXGAXXXXXXXXXXXXXXXXXXXXGOOXAAXXXXXXXXXXXXXXXXGOOOOAXXXXXXXXXXXXXXXXGOOOOOXXXXXXXXXXXXXXXXGOOOOOXXXXXXXXXXXXXXXXGOOOAXXXXXXXXXXXXXXXXXGOOOXXXXXXXXXXXXXXXXXXGOOOXXXXXXXXXXXXXXXXXXGAAXXXXXXXXXXXXXXXXXXXGOOOXXXXXXXXXXXXXXXXXXGOAAAXXXXXXXXXXXXXXXXXGOOAAXXXXXXXXXXXXXXXXX,0,0,0
1827,58,12,46,163,379,0,0,427,285,142,GOAXXXXXXXXXXXXXXXXXXXGAXXXXXXXXXXXXXXXXXXXXGOOXOAXXXXXXXXXXXXXXXXGOOOOAXXXXXXXXXXXXXXXXGOOOOOXXXXXXXXXXXXXXXXGOOOOOXXXXXXXXXXXXXXXXGOOOAXXXXXXXXXXXXXXXXXGOOOXXXXXXXXXXXXXXXXXXGOOOXXXXXXXXXXXXXXXXXXGAAXXXXXXXXXXXXXXXXXXXGOOOXXXXXXXXXXXXXXXXXXGOAAAXXXXXXXXXXXXXXXXXGOOAAXXXXXXXXXXXXXXXXX,0,0,0
1848,59,12,47,157,384,0,0,434,290,144,GOAXXXXXXXXXXXXXXXXXXXGAXXXXXXXXXXXXXXXXXXXXGOOXOAXXXXXXXXXXXXXXXXGOOOOAXXXXXXXXXXXXXXXXGOOOOOXXXXXXXXXXXXXXXXGOOOOOXXXXXXXXXXXXXXXXGOOOAXXXXXXXXXXXXXXXXXGOOOXXXXXXXXXXXXXXXXXXGOOOXXXXXXXXXXXXXXXXXXGAAAXXXXXXXXXXXXXXXXXXGOOOXXXXXXXXXXXXXXXXXXGOAAAXXXXXXXXXXXXXXXXXGOOOAXXXXXXXXXXXXXXXXX,0,0,0
1869,59,11,48,156,385,0,0,435,281,154,GOAXXXXXXXXXXXXXXXXXXXGAXXXXXXXXXXXXXXXXXXXXGOOXOAXXXXXXXXXXXXXXXXGOOOOAXXXXXXXXXXXXXXXXGOOOOOXXXXXXXXXXXXXXXXGOOOOOXXXXXXXXXXXXXXXXGOOOAXXXXXXXXXXXXXXXXXGOOOXXXXXXXXXXXXXXXXXXGOOOXXXXXXXXXXXXXXXXXXGOAAXXXXXXXXXXXXXXXXXXGOOOXXXXXXXXXXXXXXXXXXGOAAAXXXXXXXXXXXXXXXXXGOOOAXXXXXXXXXXXXXXXXX,0,0,0

1890,61,13,48,150,389,0,0,439,275,164,GOAXXXXXXXXXXXXXXXXXXXGAXXXXXXXXXXXXXXXXXXXXGOOXOAAXXXXXXXXXXXXXXXGOOOOAXXXXXXXXXXXXXXXXGOOOOOXXXXXXXXXXXXXXXXGOOOOOXXXXXXXXXXXXXXXXGOOOAAXXXXXXXXXXXXXXXXGOOOXXXXXXXXXXXXXXXXXXGOOOXXXXXXXXXXXXXXXXXXGOAAXXXXXXXXXXXXXXXXXXGOOOXXXXXXXXXXXXXXXXXXGOAAAXXXXXXXXXXXXXXXXXGOOOAXXXXXXXXXXXXXXXXX,0,0,0
1911,60,14,46,150,390,0,0,439,268,171,GOAXXXXXXXXXXXXXXXXXXXGAXXXXXXXXXXXXXXXXXXXXGOOXXAAXXXXXXXXXXXXXXXGOOOOAXXXXXXXXXXXXXXXXGOOOOOXXXXXXXXXXXXXXXXGOOOOOXXXXXXXXXXXXXXXXGOOOAAXXXXXXXXXXXXXXXXGOOOXXXXXXXXXXXXXXXXXXGOOOXXXXXXXXXXXXXXXXXXGOAAXXXXXXXXXXXXXXXXXXGOOOXXXXXXXXXXXXXXXXXXGOAAAXXXXXXXXXXXXXXXXXGOOXAAXXXXXXXXXXXXXXXX,0,0,0
1932,61,14,47,142,397,0,0,447,267,180,GOAXXXXXXXXXXXXXXXXXXXGAXXXXXXXXXXXXXXXXXXXXGOOXXAAXXXXXXXXXXXXXXXGOOOOAXXXXXXXXXXXXXXXXGOOOOOXXXXXXXXXXXXXXXXGOOOOOXXXXXXXXXXXXXXXXGOOOOAXXXXXXXXXXXXXXXXGOOOXXXXXXXXXXXXXXXXXXGOOOXXXXXXXXXXXXXXXXXXGOAAXXXXXXXXXXXXXXXXXXGOOOXXXXXXXXXXXXXXXXXXGOAAAXXXXXXXXXXXXXXXXXGOOXAAAXXXXXXXXXXXXXXX,0,0,0
1953,61,12,49,140,399,0,0,448,261,187,GOAXXXXXXXXXXXXXXXXXXXGOXXXXXXXXXXXXXXXXXXXXGOOXXAAXXXXXXXXXXXXXXXGOOOOAXXXXXXXXXXXXXXXXGOOOOOXXXXXXXXXXXXXXXXGOOOOOXXXXXXXXXXXXXXXXGOOOOAXXXXXXXXXXXXXXXXGOOOXXXXXXXXXXXXXXXXXXGOOOXXXXXXXXXXXXXXXXXXGOAAXXXXXXXXXXXXXXXXXXGOOOXXXXXXXXXXXXXXXXXXGOAAAXXXXXXXXXXXXXXXXXGOOXAAOXXXXXXXXXXXXXXX,0,0,0
1974,62,12,50,133,405,0,0,455,260,195,GOAXXXXXXXXXXXXXXXXXXXGOXXXXXXXXXXXXXXXXXXXXGOOXXAAAXXXXXXXXXXXXXXGOOOOAXXXXXXXXXXXXXXXXGOOOOOXXXXXXXXXXXXXXXXGOOOOOXXXXXXXXXXXXXXXXGOOOOAXXXXXXXXXXXXXXXXGOOOXXXXXXXXXXXXXXXXXXGOOOXXXXXXXXXXXXXXXXXXGOAAXXXXXXXXXXXXXXXXXXGOOOXXXXXXXXXXXXXXXXXXGOOAAXXXXXXXXXXXXXXXXXGOOXAAOXXXXXXXXXXXXXXX,0,0,0

1995,62,11,51,136,402,0,0,454,256,198,GOAXXXXXXXXXXXXXXXXXXXGOXXXXXXXXXXXXXXXXXXXXGOOXXAAAXXXXXXXXXXXXXXGOOOOAXXXXXXXXXXXXXXXXGOOOOOXXXXXXXXXXXXXXXXGOOOOOXXXXXXXXXXXXXXXXGOOOOAXXXXXXXXXXXXXXXXGOOOXXXXXXXXXXXXXXXXXXGOOOXXXXXXXXXXXXXXXXXXGOAOXXXXXXXXXXXXXXXXXXGOOOXXXXXXXXXXXXXXXXXXGOOAAXXXXXXXXXXXXXXXXXGOOXAAOXXXXXXXXXXXXXXX,0,0,0
2016,60,10,50,138,402,0,0,454,252,202,GOAXXXXXXXXXXXXXXXXXXXGOXXXXXXXXXXXXXXXXXXXXGOOXXAAAXXXXXXXXXXXXXXGOOOOAXXXXXXXXXXXXXXXXGOOOOOXXXXXXXXXXXXXXXXGOOOOOXXXXXXXXXXXXXXXXGOOOXXXXXXXXXXXXXXXXXXGOOOXXXXXXXXXXXXXXXXXXGOOOXXXXXXXXXXXXXXXXXXGOAOXXXXXXXXXXXXXXXXXXGOOOXXXXXXXXXXXXXXXXXXGOOAAXXXXXXXXXXXXXXXXXGOOXAAOXXXXXXXXXXXXXXX,0,0,0
2037,61,8,53,132,407,0,0,462,253,209,GOAXXXXXXXXXXXXXXXXXXXGOXXXXXXXXXXXXXXXXXXXXGOOXXAAAXXXXXXXXXXXXXXGOOOOOXXXXXXXXXXXXXXXXGOOOOOXXXXXXXXXXXXXXXXGOOOOOXXXXXXXXXXXXXXXXGOOOXXXXXXXXXXXXXXXXXXGOOOXXXXXXXXXXXXXXXXXXGOOOAXXXXXXXXXXXXXXXXXGOAOXXXXXXXXXXXXXXXXXXGOOOXXXXXXXXXXXXXXXXXXGOOOOXXXXXXXXXXXXXXXXXGOOXAXOAXXXXXXXXXXXXXX,0,0,0
2058,58,8,50,124,418,0,0,470,256,214,GOAAXXXXXXXXXXXXXXXXXXGOXXXXXXXXXXXXXXXXXXXXGOOXXAAAXXXXXXXXXXXXXXGOOOOOXXXXXXXXXXXXXXXXGOOOOOXXXXXXXXXXXXXXXXGOOOOOXXXXXXXXXXXXXXXXGOAXXXXXXXXXXXXXXXXXXXGOOOXXXXXXXXXXXXXXXXXXGOOOAXXXXXXXXXXXXXXXXXGOAOXXXXXXXXXXXXXXXXXXGOOOXXXXXXXXXXXXXXXXXXGOOOOXXXXXXXXXXXXXXXXXGOXXOXXXXXXXXXXXXXXXXX,0,0,0
2079,58,8,50,137,405,0,0,457,252,205,GOAAXXXXXXXXXXXXXXXXXXGOXXXXXXXXXXXXXXXXXXXXGOOXXAAAXXXXXXXXXXXXXXGOOOOOXXXXXXXXXXXXXXXXGOOOOOXXXXXXXXXXXXXXXXGOOOOOXXXXXXXXXXXXXXXXGOAXXXXXXXXXXXXXXXXXXXGOOOXXXXXXXXXXXXXXXXXXGOOOAXXXXXXXXXXXXXXXXXGOAOXXXXXXXXXXXXXXXXXXGOOOXXXXXXXXXXXXXXXXXXGOOOOXXXXXXXXXXXXXXXXXGOXXOXXXXXXXXXXXXXXXXX,0,0,0

2100,58,5,53,137,405,0,0,459,256,203,GOOAXXXXXXXXXXXXXXXXXXGOXXXXXXXXXXXXXXXXXXXXGOOXXOOAXXXXXXXXXXXXXXGOOOOOXXXXXXXXXXXXXXXXGOOOOOXXXXXXXXXXXXXXXXGOOOOOXXXXXXXXXXXXXXXXGOAXXXXXXXXXXXXXXXXXXXGOOOXXXXXXXXXXXXXXXXXXGOOOAXXXXXXXXXXXXXXXXXGOAOXXXXXXXXXXXXXXXXXXGOOOXXXXXXXXXXXXXXXXXXGOOOOXXXXXXXXXXXXXXXXXGOXXOXXXXXXXXXXXXXXXXX,0,0,0
2121,58,4,54,145,397,0,0,452,251,201,GOOAXXXXXXXXXXXXXXXXXXGOXXXXXXXXXXXXXXXXXXXXGOOXXOOOXXXXXXXXXXXXXXGOOOOOXXXXXXXXXXXXXXXXGOOOOOXXXXXXXXXXXXXXXXGOOOOOXXXXXXXXXXXXXXXXGOAXXXXXXXXXXXXXXXXXXXGOOOXXXXXXXXXXXXXXXXXXGOOOAXXXXXXXXXXXXXXXXXGOAOXXXXXXXXXXXXXXXXXXGOOOXXXXXXXXXXXXXXXXXXGOOOOXXXXXXXXXXXXXXXXXGOXXOXXXXXXXXXXXXXXXXX,0,0,0
2142,59,5,54,141,400,0,0,455,255,200,GOOAXXXXXXXXXXXXXXXXXXGOXXXXXXXXXXXXXXXXXXXXGOOAXOOOXXXXXXXXXXXXXXGOOOOOXXXXXXXXXXXXXXXXGOOOOOXXXXXXXXXXXXXXXXGOOOOOXXXXXXXXXXXXXXXXGOAXXXXXXXXXXXXXXXXXXXGOOOXXXXXXXXXXXXXXXXXXGOOOAXXXXXXXXXXXXXXXXXGOAOXXXXXXXXXXXXXXXXXXGOOOXXXXXXXXXXXXXXXXXXGOOOOXXXXXXXXXXXXXXXXXGOXXOXXXXXXXXXXXXXXXXX,0,0,0
2163,57,5,52,141,402,0,0,455,261,194,GOOAXXXXXXXXXXXXXXXXXXGOXXXXXXXXXXXXXXXXXXXXGOXAXOOXXXXXXXXXXXXXXXGOOOOOXXXXXXXXXXXXXXXXGOOOOOXXXXXXXXXXXXXXXXGOOOOOXXXXXXXXXXXXXXXXGOAXXXXXXXXXXXXXXXXXXXGOOOXXXXXXXXXXXXXXXXXXGOOOAXXXXXXXXXXXXXXXXXGOAOXXXXXXXXXXXXXXXXXXGOOOXXXXXXXXXXXXXXXXXXGOOOOXXXXXXXXXXXXXXXXXGOXXOXXXXXXXXXXXXXXXXX,0,0,0
2184,60,7,53,144,396,0,0,450,262,188,GOOAXXXXXXXXXXXXXXXXXXGOXXXXXXXXXXXXXXXXXXXXGOXAXOOXXXXXXXXXXXXXXXGOOOOOXXXXXXXXXXXXXXXXGOOOOOAXXXXXXXXXXXXXXXGOOOOOXXXXXXXXXXXXXXXXGOAXXXXXXXXXXXXXXXXXXXGOOOXXXXXXXXXXXXXXXXXXGOOOAXXXXXXXXXXXXXXXXXGOOOXXXXXXXXXXXXXXXXXXGOOOXXXXXXXXXXXXXXXXXXGOOOOAAXXXXXXXXXXXXXXXGOXXOXXXXXXXXXXXXXXXXX,0,0,0

2205,60,9,51,147,393,0,0,445,260,185,GOOAXXXXXXXXXXXXXXXXXXGXXXXXXXXXXXXXXXXXXXXXGOXAXOXXXXXXXXXXXXXXXXGOOOOOXXXXXXXXXXXXXXXXGOOOOOAXXXXXXXXXXXXXXXGOOOOOXXXXXXXXXXXXXXXXGOAXXXXXXXXXXXXXXXXXXXGOOOXXXXXXXXXXXXXXXXXXGOOOAXXXXXXXXXXXXXXXXXGOOOXXXXXXXXXXXXXXXXXXGOOOXXXXXXXXXXXXXXXXXXGOOOOAAAXXXXXXXXXXXXXXGOXXOAXXXXXXXXXXXXXXXX,0,0,0
2226,60,9,51,144,396,0,0,448,265,183,GOOAXXXXXXXXXXXXXXXXXXGXXXXXXXXXXXXXXXXXXXXXGOXAXOXXXXXXXXXXXXXXXXGOOOOOXXXXXXXXXXXXXXXXGOOOOOAXXXXXXXXXXXXXXXGOOOOOXXXXXXXXXXXXXXXXGOAXXXXXXXXXXXXXXXXXXXGOOOXXXXXXXXXXXXXXXXXXGOOOAXXXXXXXXXXXXXXXXXGOOOXXXXXXXXXXXXXXXXXXGOOOXXXXXXXXXXXXXXXXXXGOOOOAAAXXXXXXXXXXXXXXGOXXOAXXXXXXXXXXXXXXXX,0,0,0
2247,61,10,51,144,395,0,0,446,264,182,GOOAXXXXXXXXXXXXXXXXXXGXXXXXXXXXXXXXXXXXXXXXGOXAXOXXXXXXXXXXXXXXXXGOOOOOXXXXXXXXXXXXXXXXGOOOOOAXXXXXXXXXXXXXXXGOOOOOXXXXXXXXXXXXXXXXGOAXXXXXXXXXXXXXXXXXXXGOOOAXXXXXXXXXXXXXXXXXGOOOAXXXXXXXXXXXXXXXXXGOOOXXXXXXXXXXXXXXXXXXGOOOXXXXXXXXXXXXXXXXXXGOOOOAAAXXXXXXXXXXXXXXGOXXOAXXXXXXXXXXXXXXXX,0,0,0
2268,57,10,47,146,397,0,0,445,268,177,GOXAXXXXXXXXXXXXXXXXXXGXXXXXXXXXXXXXXXXXXXXXGOXAXXXXXXXXXXXXXXXXXXGOOOOOXXXXXXXXXXXXXXXXGOOOOOAXXXXXXXXXXXXXXXGOOOOXXXXXXXXXXXXXXXXXGOAXXXXXXXXXXXXXXXXXXXGOOOAXXXXXXXXXXXXXXXXXGOOOAXXXXXXXXXXXXXXXXXGOOOXXXXXXXXXXXXXXXXXXGOOOXXXXXXXXXXXXXXXXXXGOOOOAAAXXXXXXXXXXXXXXGOXXXAXXXXXXXXXXXXXXXX,0,0,0
2289,56,9,47,142,402,0,0,450,276,174,GOXXXXXXXXXXXXXXXXXXXXGXXXXXXXXXXXXXXXXXXXXXGOXAXXXXXXXXXXXXXXXXXXGOOOOOXXXXXXXXXXXXXXXXGOOOOOAXXXXXXXXXXXXXXXGOOOOXXXXXXXXXXXXXXXXXGOAXXXXXXXXXXXXXXXXXXXGOOOAXXXXXXXXXXXXXXXXXGOOOAXXXXXXXXXXXXXXXXXGOOOXXXXXXXXXXXXXXXXXXGOOOXXXXXXXXXXXXXXXXXXGOOOOAAAXXXXXXXXXXXXXXGOXXXAXXXXXXXXXXXXXXXX,0,0,0

2310,54,10,44,146,400,0,0,445,278,167,GOXXXXXXXXXXXXXXXXXXXXGAXXXXXXXXXXXXXXXXXXXXGXXAXXXXXXXXXXXXXXXXXXGOOOOOXXXXXXXXXXXXXXXXGOOOOOAXXXXXXXXXXXXXXXGOOOOXXXXXXXXXXXXXXXXXGOAXXXXXXXXXXXXXXXXXXXGOOOAXXXXXXXXXXXXXXXXXGOOOAXXXXXXXXXXXXXXXXXGOOXXXXXXXXXXXXXXXXXXXGOOXXXXXXXXXXXXXXXXXXXGOOOOAAAXXXXXXXXXXXXXXGOXXXAXXXXXXXXXXXXXXXX,0,0,0
2331,54,10,44,148,398,0,0,442,280,162,GOXXXXXXXXXXXXXXXXXXXXGAXXXXXXXXXXXXXXXXXXXXGXXAXXXXXXXXXXXXXXXXXXGOOOOOXXXXXXXXXXXXXXXXGOOOOOAXXXXXXXXXXXXXXXGOOOOXXXXXXXXXXXXXXXXXGOAXXXXXXXXXXXXXXXXXXXGOOOAXXXXXXXXXXXXXXXXXGOOOAXXXXXXXXXXXXXXXXXGOOXXXXXXXXXXXXXXXXXXXGOOXXXXXXXXXXXXXXXXXXXGOOOOAAAXXXXXXXXXXXXXXGOXXXAXXXXXXXXXXXXXXXX,0,0,0
2352,53,9,44,149,398,0,0,443,277,166,GOXXXXXXXXXXXXXXXXXXXXGOXXXXXXXXXXXXXXXXXXXXGXXAXXXXXXXXXXXXXXXXXXGOOOOOXXXXXXXXXXXXXXXXGOOOOOAXXXXXXXXXXXXXXXGOOOOXXXXXXXXXXXXXXXXXGOAXXXXXXXXXXXXXXXXXXXGOOOAXXXXXXXXXXXXXXXXXGOOOAXXXXXXXXXXXXXXXXXGOOXXXXXXXXXXXXXXXXXXXGOXXXXXXXXXXXXXXXXXXXXGOOOOAAAXXXXXXXXXXXXXXGOXXXAXXXXXXXXXXXXXXXX,0,0,0
2373,54,9,45,149,397,0,0,442,269,173,GOXXXXXXXXXXXXXXXXXXXXGOXXXXXXXXXXXXXXXXXXXXGXXAXXXXXXXXXXXXXXXXXXGOOOOOAXXXXXXXXXXXXXXXGOOOOOAXXXXXXXXXXXXXXXGOOOOXXXXXXXXXXXXXXXXXGOOXXXXXXXXXXXXXXXXXXXGOOOAXXXXXXXXXXXXXXXXXGOOOAXXXXXXXXXXXXXXXXXGOOXXXXXXXXXXXXXXXXXXXGOXXXXXXXXXXXXXXXXXXXXGOOOOAAAXXXXXXXXXXXXXXGOXXXAXXXXXXXXXXXXXXXX,0,0,0
2394,55,7,48,137,408,0,0,455,265,190,GOXXXXXXXXXXXXXXXXXXXXGOXXXXXXXXXXXXXXXXXXXXGXXOXXXXXXXXXXXXXXXXXXGOOOOOAXXXXXXXXXXXXXXXGOOOOOAXXXXXXXXXXXXXXXGOOOOXXXXXXXXXXXXXXXXXGOOXXXXXXXXXXXXXXXXXXXGOOOAXXXXXXXXXXXXXXXXXGOOOOXXXXXXXXXXXXXXXXXGOOXXXXXXXXXXXXXXXXXXXGOXXXXXXXXXXXXXXXXXXXXGOOOOAAOAXXXXXXXXXXXXXGOXXXAXXXXXXXXXXXXXXXX,0,0,0

2415,55,8,47,138,407,0,0,455,266,189,GAXXXXXXXXXXXXXXXXXXXXGOXXXXXXXXXXXXXXXXXXXXGXXXXXXXXXXXXXXXXXXXXXGOOOOOAXXXXXXXXXXXXXXXGOOOOOAXXXXXXXXXXXXXXXGOOOOXXXXXXXXXXXXXXXXXGOOXXXXXXXXXXXXXXXXXXXGOOOAXXXXXXXXXXXXXXXXXGOOOOXXXXXXXXXXXXXXXXXGOOXXXXXXXXXXXXXXXXXXXGOXXXXXXXXXXXXXXXXXXXXGOOOOOAOAAXXXXXXXXXXXXGOXXXAXXXXXXXXXXXXXXXX,0,0,0
2436,55,8,47,130,415,0,0,462,267,195,GAXXXXXXXXXXXXXXXXXXXXGOXXXXXXXXXXXXXXXXXXXXGXXXXXXXXXXXXXXXXXXXXXGOOOOOAXXXXXXXXXXXXXXXGOOOOOAXXXXXXXXXXXXXXXGOOOOXXXXXXXXXXXXXXXXXGOOXXXXXXXXXXXXXXXXXXXGOOOAXXXXXXXXXXXXXXXXXGOOOOXXXXXXXXXXXXXXXXXGOOXXXXXXXXXXXXXXXXXXXGOXXXXXXXXXXXXXXXXXXXXGOOOOOAOAAXXXXXXXXXXXXGOXXXAXXXXXXXXXXXXXXXX,0,0,0
2457,52,8,44,137,411,0,0,456,263,193,GAXXXXXXXXXXXXXXXXXXXXGOXXXXXXXXXXXXXXXXXXXXGXXXXXXXXXXXXXXXXXXXXXGOOOOOAXXXXXXXXXXXXXXXGOOOOOAXXXXXXXXXXXXXXXGOOOXXXXXXXXXXXXXXXXXXGOOXXXXXXXXXXXXXXXXXXXGOOOAXXXXXXXXXXXXXXXXXGOOOOXXXXXXXXXXXXXXXXXGOOXXXXXXXXXXXXXXXXXXXGOXXXXXXXXXXXXXXXXXXXXGOOOOOAXAAXXXXXXXXXXXXGXXXXAXXXXXXXXXXXXXXXX,0,0,0
2478,52,7,45,134,414,0,0,459,271,188,GAXXXXXXXXXXXXXXXXXXXXGOXXXXXXXXXXXXXXXXXXXXGXXXXXXXXXXXXXXXXXXXXXGOOOOOAXXXXXXXXXXXXXXXGOOOOOOXXXXXXXXXXXXXXXGOOOXXXXXXXXXXXXXXXXXXGOOXXXXXXXXXXXXXXXXXXXGOOOAXXXXXXXXXXXXXXXXXGOOOOXXXXXXXXXXXXXXXXXGOOXXXXXXXXXXXXXXXXXXXGOXXXXXXXXXXXXXXXXXXXXGOOOOOAXAAXXXXXXXXXXXXGXXXXAXXXXXXXXXXXXXXXX,0,0,0
2499,50,5,45,125,425,0,0,470,270,200,GAXXXXXXXXXXXXXXXXXXXXGOXXXXXXXXXXXXXXXXXXXXGXXXXXXXXXXXXXXXXXXXXXGOOOOOAXXXXXXXXXXXXXXXGOOOOOOXXXXXXXXXXXXXXXGOOOXXXXXXXXXXXXXXXXXXGOOXXXXXXXXXXXXXXXXXXXGOOOAXXXXXXXXXXXXXXXXXGOOOOXXXXXXXXXXXXXXXXXGOOXXXXXXXXXXXXXXXXXXXGOXXXXXXXXXXXXXXXXXXXXGOOOOOAXXXXXXXXXXXXXXXGXXXXAXXXXXXXXXXXXXXXX,0,0,0

2520,48,5,43,125,427,0,0,472,273,199,GAXXXXXXXXXXXXXXXXXXXXGOXXXXXXXXXXXXXXXXXXXXGXXXXXXXXXXXXXXXXXXXXXGOOOOOAXXXXXXXXXXXXXXXGOOOOOOXXXXXXXXXXXXXXXGOOOXXXXXXXXXXXXXXXXXXGXXXXXXXXXXXXXXXXXXXXXGOOOXXXXXXXXXXXXXXXXXXGOOOOXXXXXXXXXXXXXXXXXGOOAXXXXXXXXXXXXXXXXXXGOXXXXXXXXXXXXXXXXXXXXGOOOOOAXXXXXXXXXXXXXXXGXXXXAXXXXXXXXXXXXXXXX,0,0,0
2541,48,5,43,126,426,0,0,471,269,202,GAXXXXXXXXXXXXXXXXXXXXGOXXXXXXXXXXXXXXXXXXXXGXXXXXXXXXXXXXXXXXXXXXGOOOOOAXXXXXXXXXXXXXXXGOOOOOOXXXXXXXXXXXXXXXGOOOXXXXXXXXXXXXXXXXXXGXXXXXXXXXXXXXXXXXXXXXGOOOXXXXXXXXXXXXXXXXXXGOOOOXXXXXXXXXXXXXXXXXGOOAXXXXXXXXXXXXXXXXXXGOXXXXXXXXXXXXXXXXXXXXGOOOOOAXXXXXXXXXXXXXXXGXXXXAXXXXXXXXXXXXXXXX,0,0,0
2562,47,5,42,129,424,0,0,468,271,197,GAXXXXXXXXXXXXXXXXXXXXGOXXXXXXXXXXXXXXXXXXXXGXXXXXXXXXXXXXXXXXXXXXGOOOOOAXXXXXXXXXXXXXXXGOOOOOOXXXXXXXXXXXXXXXGOOOXXXXXXXXXXXXXXXXXXGXXXXXXXXXXXXXXXXXXXXXGOOOXXXXXXXXXXXXXXXXXXGOOOOXXXXXXXXXXXXXXXXXGOOAXXXXXXXXXXXXXXXXXXGXXXXXXXXXXXXXXXXXXXXXGOOOOOAXXXXXXXXXXXXXXXGXXXXAXXXXXXXXXXXXXXXX,0,0,0
2583,47,5,42,126,427,0,0,471,274,197,GAXXXXXXXXXXXXXXXXXXXXGOXXXXXXXXXXXXXXXXXXXXGXXXXXXXXXXXXXXXXXXXXXGOOOOOAXXXXXXXXXXXXXXXGOOOOOOXXXXXXXXXXXXXXXGOOOXXXXXXXXXXXXXXXXXXGXXXXXXXXXXXXXXXXXXXXXGOOOXXXXXXXXXXXXXXXXXXGOOOOXXXXXXXXXXXXXXXXXGOOAXXXXXXXXXXXXXXXXXXGXXXXXXXXXXXXXXXXXXXXXGOOOOOAXXXXXXXXXXXXXXXGXXXXAXXXXXXXXXXXXXXXX,0,0,0
2604,48,6,42,129,423,0,0,465,272,193,GAXXXXXXXXXXXXXXXXXXXXGOXXXXXXXXXXXXXXXXXXXXGXXXXXXXXXXXXXXXXXXXXXGOOOOOAXXXXXXXXXXXXXXXGOOOOOOXXXXXXXXXXXXXXXGOOOXXXXXXXXXXXXXXXXXXGAXXXXXXXXXXXXXXXXXXXXGOOOXXXXXXXXXXXXXXXXXXGOOOOXXXXXXXXXXXXXXXXXGOOAXXXXXXXXXXXXXXXXXXGXXXXXXXXXXXXXXXXXXXXXGOOOOOAXXXXXXXXXXXXXXXGXXXXAXXXXXXXXXXXXXXXX,0,0,0

2625,48,6,42,133,419,0,0,462,272,190,GAXXXXXXXXXXXXXXXXXXXXGOXXXXXXXXXXXXXXXXXXXXGXXXXXXXXXXXXXXXXXXXXXGOOOOOAXXXXXXXXXXXXXXXGOOOOOOXXXXXXXXXXXXXXXGOOOXXXXXXXXXXXXXXXXXXGAXXXXXXXXXXXXXXXXXXXXGOOOXXXXXXXXXXXXXXXXXXGOOOOXXXXXXXXXXXXXXXXXGOOAXXXXXXXXXXXXXXXXXXGXXXXXXXXXXXXXXXXXXXXXGOOOOOAXXXXXXXXXXXXXXXGXXXXAXXXXXXXXXXXXXXXX,0,0,0
2646,49,6,43,127,424,0,0,467,279,188,GAXXXXXXXXXXXXXXXXXXXXGOXXXXXXXXXXXXXXXXXXXXGXXXXXXXXXXXXXXXXXXXXXGOOOOOAXXXXXXXXXXXXXXXGOOOOOOXXXXXXXXXXXXXXXGOOOXXXXXXXXXXXXXXXXXXGOXXXXXXXXXXXXXXXXXXXXGOOOXXXXXXXXXXXXXXXXXXGOOOOXXXXXXXXXXXXXXXXXGOOAXXXXXXXXXXXXXXXXXXGXXXXXXXXXXXXXXXXXXXXXGOOOOOAXXXXXXXXXXXXXXXGXXXXAAXXXXXXXXXXXXXXX,0,0,0
2667,48,6,42,126,426,0,0,468,280,188,GAXXXXXXXXXXXXXXXXXXXXGOXXXXXXXXXXXXXXXXXXXXGXXXXXXXXXXXXXXXXXXXXXGOOOOOAXXXXXXXXXXXXXXXGOOOOOXXXXXXXXXXXXXXXXGOOOXXXXXXXXXXXXXXXXXXGOXXXXXXXXXXXXXXXXXXXXGOOOXXXXXXXXXXXXXXXXXXGOOOOXXXXXXXXXXXXXXXXXGOOAXXXXXXXXXXXXXXXXXXGXXXXXXXXXXXXXXXXXXXXXGOOOOOAXXXXXXXXXXXXXXXGXXXXAAXXXXXXXXXXXXXXX,0,0,0
2688,48,4,44,135,417,0,0,461,279,182,GAXXXXXXXXXXXXXXXXXXXXGOXXXXXXXXXXXXXXXXXXXXGXXXXXXXXXXXXXXXXXXXXXGOOOOOAXXXXXXXXXXXXXXXGOOOOOXXXXXXXXXXXXXXXXGOOOXXXXXXXXXXXXXXXXXXGOXXXXXXXXXXXXXXXXXXXXGOOOXXXXXXXXXXXXXXXXXXGOOOOXXXXXXXXXXXXXXXXXGOOAXXXXXXXXXXXXXXXXXXGXXXXXXXXXXXXXXXXXXXXXGOOOOOOXXXXXXXXXXXXXXXGXXXXAOXXXXXXXXXXXXXXX,0,0,0
2709,46,3,43,131,423,0,0,466,288,178,GAXXXXXXXXXXXXXXXXXXXXGOXXXXXXXXXXXXXXXXXXXXGXXXXXXXXXXXXXXXXXXXXXGOOOOOAXXXXXXXXXXXXXXXGOOOOOXXXXXXXXXXXXXXXXGOOXXXXXXXXXXXXXXXXXXXGOXXXXXXXXXXXXXXXXXXXXGOOOXXXXXXXXXXXXXXXXXXGOOOOXXXXXXXXXXXXXXXXXGOOAXXXXXXXXXXXXXXXXXXGXXXXXXXXXXXXXXXXXXXXXGOOOOXOXXXXXXXXXXXXXXXGXXXXOOXXXXXXXXXXXXXXX,0,0,0

2730,44,4,40,135,421,0,0,461,291,170,GAXXXXXXXXXXXXXXXXXXXXGOXXXXXXXXXXXXXXXXXXXXGXXXXXXXXXXXXXXXXXXXXXGOOOOOAXXXXXXXXXXXXXXXGOOOOOAXXXXXXXXXXXXXXXGOOXXXXXXXXXXXXXXXXXXXGOXXXXXXXXXXXXXXXXXXXXGOOOXXXXXXXXXXXXXXXXXXGOOOOXXXXXXXXXXXXXXXXXGOOAXXXXXXXXXXXXXXXXXXGXXXXXXXXXXXXXXXXXXXXXGOOOOXXXXXXXXXXXXXXXXXGXXXXXXXXXXXXXXXXXXXXX,0,0,0
2751,47,5,42,130,423,0,0,464,296,168,GOXXXXXXXXXXXXXXXXXXXXGOXXXXXXXXXXXXXXXXXXXXGAXXXXXXXXXXXXXXXXXXXXGOOOOOAOXXXXXXXXXXXXXXGOOOOOAAXXXXXXXXXXXXXXGOOXXXXXXXXXXXXXXXXXXXGOXXXXXXXXXXXXXXXXXXXXGOOOXXXXXXXXXXXXXXXXXXGOOOOXXXXXXXXXXXXXXXXXGOOAXXXXXXXXXXXXXXXXXXGXXXXXXXXXXXXXXXXXXXXXGOOOOXXXXXXXXXXXXXXXXXGXXXXXXXXXXXXXXXXXXXXX,0,0,0
2772,47,4,43,129,424,0,0,467,306,161,GOXXXXXXXXXXXXXXXXXXXXGOXXXXXXXXXXXXXXXXXXXXGAXXXXXXXXXXXXXXXXXXXXGOOOOOOOXXXXXXXXXXXXXXGOOOOOAAXXXXXXXXXXXXXXGOOXXXXXXXXXXXXXXXXXXXGOXXXXXXXXXXXXXXXXXXXXGOOOXXXXXXXXXXXXXXXXXXGOOOOXXXXXXXXXXXXXXXXXGOOAXXXXXXXXXXXXXXXXXXGXXXXXXXXXXXXXXXXXXXXXGOOOOXXXXXXXXXXXXXXXXXGXXXXXXXXXXXXXXXXXXXXX,0,0,0
2793,47,3,44,134,419,0,0,461,308,153,GOXXXXXXXXXXXXXXXXXXXXGOXXXXXXXXXXXXXXXXXXXXGAXXXXXXXXXXXXXXXXXXXXGOOOOOOOXXXXXXXXXXXXXXGOOOOOOAXXXXXXXXXXXXXXGOOXXXXXXXXXXXXXXXXXXXGOXXXXXXXXXXXXXXXXXXXXGOOOXXXXXXXXXXXXXXXXXXGOOOOXXXXXXXXXXXXXXXXXGOOAXXXXXXXXXXXXXXXXXXGXXXXXXXXXXXXXXXXXXXXXGOOOOXXXXXXXXXXXXXXXXXGXXXXXXXXXXXXXXXXXXXXX,0,0,0
2814,48,4,44,138,414,0,0,458,297,161,GOXXXXXXXXXXXXXXXXXXXXGOXXXXXXXXXXXXXXXXXXXXGAXXXXXXXXXXXXXXXXXXXXGOOOOOOOXXXXXXXXXXXXXXGOOOOOOAXXXXXXXXXXXXXXGOOXXXXXXXXXXXXXXXXXXXGOXXXXXXXXXXXXXXXXXXXXGOOOXXXXXXXXXXXXXXXXXXGOOOOXXXXXXXXXXXXXXXXXGOOAXXXXXXXXXXXXXXXXXXGXXXXXXXXXXXXXXXXXXXXXGOOOOAXXXXXXXXXXXXXXXXGXXXXXXXXXXXXXXXXXXXXX,0,0,0

2835,49,5,44,147,404,0,0,448,295,153,GOXXXXXXXXXXXXXXXXXXXXGOXXXXXXXXXXXXXXXXXXXXGAXXXXXXXXXXXXXXXXXXXXGOOOOOOOXXXXXXXXXXXXXXGOOOOOOAAXXXXXXXXXXXXXGOOXXXXXXXXXXXXXXXXXXXGOXXXXXXXXXXXXXXXXXXXXGOOOXXXXXXXXXXXXXXXXXXGOOOOXXXXXXXXXXXXXXXXXGOOAXXXXXXXXXXXXXXXXXXGXXXXXXXXXXXXXXXXXXXXXGOOOOAXXXXXXXXXXXXXXXXGXXXXXXXXXXXXXXXXXXXXX,0,0,0
2856,49,5,44,145,406,0,0,450,292,158,GOXXXXXXXXXXXXXXXXXXXXGOXXXXXXXXXXXXXXXXXXXXGAXXXXXXXXXXXXXXXXXXXXGOOOOOOOXXXXXXXXXXXXXXGOOOOOOAAXXXXXXXXXXXXXGOOXXXXXXXXXXXXXXXXXXXGOXXXXXXXXXXXXXXXXXXXXGOOOXXXXXXXXXXXXXXXXXXGOOOOXXXXXXXXXXXXXXXXXGOOAXXXXXXXXXXXXXXXXXXGXXXXXXXXXXXXXXXXXXXXXGOOOOAXXXXXXXXXXXXXXXXGXXXXXXXXXXXXXXXXXXXXX,0,0,0
2877,49,4,45,146,405,0,0,449,285,164,GOXXXXXXXXXXXXXXXXXXXXGOXXXXXXXXXXXXXXXXXXXXGAXXXXXXXXXXXXXXXXXXXXGOOOOOOOXXXXXXXXXXXXXXGOOOOOOAAXXXXXXXXXXXXXGOOXXXXXXXXXXXXXXXXXXXGOXXXXXXXXXXXXXXXXXXXXGOOOXXXXXXXXXXXXXXXXXXGOOOOXXXXXXXXXXXXXXXXXGOOAXXXXXXXXXXXXXXXXXXGXXXXXXXXXXXXXXXXXXXXXGOOOOOXXXXXXXXXXXXXXXXGXXXXXXXXXXXXXXXXXXXXX,0,0,0
2898,50,5,45,137,413,0,0,458,288,170,GOXXXXXXXXXXXXXXXXXXXXGOXXXXXXXXXXXXXXXXXXXXGAXXXXXXXXXXXXXXXXXXXXGOOOOOOOXXXXXXXXXXXXXXGOOOOOOAAXXXXXXXXXXXXXGOOXXXXXXXXXXXXXXXXXXXGOXXXXXXXXXXXXXXXXXXXXGOOOXXXXXXXXXXXXXXXXXXGOOOOXXXXXXXXXXXXXXXXXGOOAXXXXXXXXXXXXXXXXXXGAXXXXXXXXXXXXXXXXXXXXGOOOOOXXXXXXXXXXXXXXXXGXXXXXXXXXXXXXXXXXXXXX,0,0,0
2919,48,6,42,136,416,0,0,458,290,168,GOXXXXXXXXXXXXXXXXXXXXGOXXXXXXXXXXXXXXXXXXXXGAXXXXXXXXXXXXXXXXXXXXGOOOOOOOAXXXXXXXXXXXXXGOOOOOOAAXXXXXXXXXXXXXGOOXXXXXXXXXXXXXXXXXXXGOXXXXXXXXXXXXXXXXXXXXGOOOXXXXXXXXXXXXXXXXXXGOOOXXXXXXXXXXXXXXXXXXGOOAXXXXXXXXXXXXXXXXXXGAXXXXXXXXXXXXXXXXXXXXGOOOXXXXXXXXXXXXXXXXXXGXXXXXXXXXXXXXXXXXXXXX,0,0,0

2940,48,6,42,124,428,0,0,468,295,173,GOXXXXXXXXXXXXXXXXXXXXGOXXXXXXXXXXXXXXXXXXXXGAXXXXXXXXXXXXXXXXXXXXGOOOOOOOAXXXXXXXXXXXXXGOOOOOOAAXXXXXXXXXXXXXGOOXXXXXXXXXXXXXXXXXXXGOXXXXXXXXXXXXXXXXXXXXGOOOXXXXXXXXXXXXXXXXXXGOOOXXXXXXXXXXXXXXXXXXGOOAXXXXXXXXXXXXXXXXXXGAXXXXXXXXXXXXXXXXXXXXGOOOXXXXXXXXXXXXXXXXXXGXXXXXXXXXXXXXXXXXXXXX,0,0,0
2961,48,5,43,127,425,0,0,469,292,177,GOXXXXXXXXXXXXXXXXXXXXGOXXXXXXXXXXXXXXXXXXXXGAXXXXXXXXXXXXXXXXXXXXGOOOOOOOAXXXXXXXXXXXXXGOOOOOOAAXXXXXXXXXXXXXGOOXXXXXXXXXXXXXXXXXXXGOXXXXXXXXXXXXXXXXXXXXGOOOXXXXXXXXXXXXXXXXXXGOOOXXXXXXXXXXXXXXXXXXGOOOXXXXXXXXXXXXXXXXXXGAXXXXXXXXXXXXXXXXXXXXGOOOXXXXXXXXXXXXXXXXXXGXXXXXXXXXXXXXXXXXXXXX,0,0,0
2982,48,5,43,123,429,0,0,473,290,183,GOXXXXXXXXXXXXXXXXXXXXGOXXXXXXXXXXXXXXXXXXXXGAXXXXXXXXXXXXXXXXXXXXGOOOOOOOAXXXXXXXXXXXXXGOOOOOOAAXXXXXXXXXXXXXGOOXXXXXXXXXXXXXXXXXXXGOXXXXXXXXXXXXXXXXXXXXGOOOXXXXXXXXXXXXXXXXXXGOOOXXXXXXXXXXXXXXXXXXGOOOXXXXXXXXXXXXXXXXXXGAXXXXXXXXXXXXXXXXXXXXGOOOXXXXXXXXXXXXXXXXXXGXXXXXXXXXXXXXXXXXXXXX,0,0,0
3003,48,5,43,124,428,0,0,471,287,184,GOXXXXXXXXXXXXXXXXXXXXGOXXXXXXXXXXXXXXXXXXXXGAXXXXXXXXXXXXXXXXXXXXGOOOOOOOAXXXXXXXXXXXXXGOOOOOOAAXXXXXXXXXXXXXGOOXXXXXXXXXXXXXXXXXXXGOXXXXXXXXXXXXXXXXXXXXGOOOXXXXXXXXXXXXXXXXXXGOOOXXXXXXXXXXXXXXXXXXGOOOXXXXXXXXXXXXXXXXXXGAXXXXXXXXXXXXXXXXXXXXGOOOXXXXXXXXXXXXXXXXXXGXXXXXXXXXXXXXXXXXXXXX,0,0,0
3024,48,4,44,124,428,0,0,472,286,186,GOXXXXXXXXXXXXXXXXXXXXGOXXXXXXXXXXXXXXXXXXXXGAXXXXXXXXXXXXXXXXXXXXGOOOOOOOAXXXXXXXXXXXXXGOOOOOOOAXXXXXXXXXXXXXGOOXXXXXXXXXXXXXXXXXXXGOXXXXXXXXXXXXXXXXXXXXGOOOXXXXXXXXXXXXXXXXXXGOOOXXXXXXXXXXXXXXXXXXGOOOXXXXXXXXXXXXXXXXXXGAXXXXXXXXXXXXXXXXXXXXGOOOXXXXXXXXXXXXXXXXXXGXXXXXXXXXXXXXXXXXXXXX,0,0,0

3045,49,5,44,131,420,0,0,465,278,187,GOXXXXXXXXXXXXXXXXXXXXGOXXXXXXXXXXXXXXXXXXXXGAXXXXXXXXXXXXXXXXXXXXGOOOOOOOAXXXXXXXXXXXXXGOOOOOOOAXXXXXXXXXXXXXGOOXXXXXXXXXXXXXXXXXXXGOXXXXXXXXXXXXXXXXXXXXGOOOXXXXXXXXXXXXXXXXXXGOOOAXXXXXXXXXXXXXXXXXGOOOXXXXXXXXXXXXXXXXXXGAXXXXXXXXXXXXXXXXXXXXGOOOXXXXXXXXXXXXXXXXXXGXXXXXXXXXXXXXXXXXXXXX,0,0,0
3066,50,6,44,129,421,0,0,466,279,187,GOXXXXXXXXXXXXXXXXXXXXGOXXXXXXXXXXXXXXXXXXXXGAXXXXXXXXXXXXXXXXXXXXGOOOOOOOAXXXXXXXXXXXXXGOOOOOOOAXXXXXXXXXXXXXGOOXXXXXXXXXXXXXXXXXXXGOXXXXXXXXXXXXXXXXXXXXGOOOXXXXXXXXXXXXXXXXXXGOOOAXXXXXXXXXXXXXXXXXGOOOXXXXXXXXXXXXXXXXXXGAAXXXXXXXXXXXXXXXXXXXGOOOXXXXXXXXXXXXXXXXXXGXXXXXXXXXXXXXXXXXXXXX,0,0,0
3087,50,6,44,129,421,0,0,466,275,191,GOXXXXXXXXXXXXXXXXXXXXGOXXXXXXXXXXXXXXXXXXXXGAXXXXXXXXXXXXXXXXXXXXGOOOOOOOAXXXXXXXXXXXXXGOOOOOOOAXXXXXXXXXXXXXGOOXXXXXXXXXXXXXXXXXXXGOXXXXXXXXXXXXXXXXXXXXGOOOXXXXXXXXXXXXXXXXXXGOOOAXXXXXXXXXXXXXXXXXGOOOXXXXXXXXXXXXXXXXXXGAAXXXXXXXXXXXXXXXXXXXGOOOXXXXXXXXXXXXXXXXXXGXXXXXXXXXXXXXXXXXXXXX,0,0,0
3108,50,6,44,133,417,0,0,463,274,189,GOXXXXXXXXXXXXXXXXXXXXGOXXXXXXXXXXXXXXXXXXXXGAXXXXXXXXXXXXXXXXXXXXGOOOOOOOAXXXXXXXXXXXXXGOOOOOOOAXXXXXXXXXXXXXGOOXXXXXXXXXXXXXXXXXXXGOXXXXXXXXXXXXXXXXXXXXGOOOXXXXXXXXXXXXXXXXXXGOOOAXXXXXXXXXXXXXXXXXGOOOXXXXXXXXXXXXXXXXXXGAAXXXXXXXXXXXXXXXXXXXGOOOXXXXXXXXXXXXXXXXXXGXXXXXXXXXXXXXXXXXXXXX,0,0,0
3129,51,7,44,137,412,0,0,459,270,189,GOXXXXXXXXXXXXXXXXXXXXGOXXXXXXXXXXXXXXXXXXXXGAXXXXXXXXXXXXXXXXXXXXGOOOOOOOAXXXXXXXXXXXXXGOOOOOOOAXXXXXXXXXXXXXGOOAXXXXXXXXXXXXXXXXXXGOXXXXXXXXXXXXXXXXXXXXGOOOXXXXXXXXXXXXXXXXXXGOOOAXXXXXXXXXXXXXXXXXGOOOXXXXXXXXXXXXXXXXXXGAAXXXXXXXXXXXXXXXXXXXGOOOXXXXXXXXXXXXXXXXXXGXXXXXXXXXXXXXXXXXXXXX,0,0,0

3150,51,7,44,134,415,0,0,462,271,191,GOXXXXXXXXXXXXXXXXXXXXGOXXXXXXXXXXXXXXXXXXXXGAXXXXXXXXXXXXXXXXXXXXGOOOOOOOAXXXXXXXXXXXXXGOOOOOOOAXXXXXXXXXXXXXGOOAXXXXXXXXXXXXXXXXXXGOXXXXXXXXXXXXXXXXXXXXGOOOXXXXXXXXXXXXXXXXXXGOOOAXXXXXXXXXXXXXXXXXGOOOXXXXXXXXXXXXXXXXXXGAAXXXXXXXXXXXXXXXXXXXGOOOXXXXXXXXXXXXXXXXXXGXXXXXXXXXXXXXXXXXXXXX,0,0,0
3171,49,6,43,147,404,0,0,448,264,184,GOXXXXXXXXXXXXXXXXXXXXGOXXXXXXXXXXXXXXXXXXXXGAXXXXXXXXXXXXXXXXXXXXGOOOOOXOAXXXXXXXXXXXXXGOOOOOOOAXXXXXXXXXXXXXGOOAXXXXXXXXXXXXXXXXXXGOXXXXXXXXXXXXXXXXXXXXGOOOXXXXXXXXXXXXXXXXXXGOOOAXXXXXXXXXXXXXXXXXGOOXXXXXXXXXXXXXXXXXXXGOAXXXXXXXXXXXXXXXXXXXGOOOXXXXXXXXXXXXXXXXXXGXXXXXXXXXXXXXXXXXXXXX,0,0,0
3192,50,7,43,150,400,0,0,446,267,179,GOXXXXXXXXXXXXXXXXXXXXGOXXXXXXXXXXXXXXXXXXXXGAXXXXXXXXXXXXXXXXXXXXGOOOOOXOAXXXXXXXXXXXXXGOOOOOOOAXXXXXXXXXXXXXGOOAXXXXXXXXXXXXXXXXXXGOXXXXXXXXXXXXXXXXXXXXGOOOXXXXXXXXXXXXXXXXXXGOOOAXXXXXXXXXXXXXXXXXGOOXXXXXXXXXXXXXXXXXXXGOAXXXXXXXXXXXXXXXXXXXGOOOXXXXXXXXXXXXXXXXXXGAXXXXXXXXXXXXXXXXXXXX,0,0,0
3213,49,7,42,154,397,0,0,442,259,183,GOXXXXXXXXXXXXXXXXXXXXGOXXXXXXXXXXXXXXXXXXXXGAXXXXXXXXXXXXXXXXXXXXGOOOOOXOAXXXXXXXXXXXXXGOOOOOXOAXXXXXXXXXXXXXGOOAXXXXXXXXXXXXXXXXXXGOXXXXXXXXXXXXXXXXXXXXGOOOXXXXXXXXXXXXXXXXXXGOOOAXXXXXXXXXXXXXXXXXGOOXXXXXXXXXXXXXXXXXXXGOAXXXXXXXXXXXXXXXXXXXGOOOXXXXXXXXXXXXXXXXXXGAXXXXXXXXXXXXXXXXXXXX,0,0,0
3234,46,5,41,149,405,0,0,448,273,175,GOXXXXXXXXXXXXXXXXXXXXGOXXXXXXXXXXXXXXXXXXXXGOXXXXXXXXXXXXXXXXXXXXGOOOOOXXXXXXXXXXXXXXXXGOOOOOXXXXXXXXXXXXXXXXGOOAXXXXXXXXXXXXXXXXXXGOXXXXXXXXXXXXXXXXXXXXGOOOAXXXXXXXXXXXXXXXXXGOOOAXXXXXXXXXXXXXXXXXGOOXXXXXXXXXXXXXXXXXXXGOAXXXXXXXXXXXXXXXXXXXGOOOXXXXXXXXXXXXXXXXXXGAXXXXXXXXXXXXXXXXXXXX,0,0,0

3255,48,7,41,156,396,0,0,438,271,167,GOXXXXXXXXXXXXXXXXXXXXGOXXXXXXXXXXXXXXXXXXXXGOXXXXXXXXXXXXXXXXXXXXGOOOOOXXXXXXXXXXXXXXXXGOOOOOXXXXXXXXXXXXXXXXGOOAXXXXXXXXXXXXXXXXXXGOAXXXXXXXXXXXXXXXXXXXGOOOAXXXXXXXXXXXXXXXXXGOOOAXXXXXXXXXXXXXXXXXGOOXXXXXXXXXXXXXXXXXXXGOAAXXXXXXXXXXXXXXXXXXGOOOXXXXXXXXXXXXXXXXXXGAXXXXXXXXXXXXXXXXXXXX,0,0,0
3276,50,8,42,153,397,0,0,440,280,160,GOAXXXXXXXXXXXXXXXXXXXGOXXXXXXXXXXXXXXXXXXXXGOXXXXXXXXXXXXXXXXXXXXGOOOOOXXXXXXXXXXXXXXXXGOOOOOXXXXXXXXXXXXXXXXGOOAXXXXXXXXXXXXXXXXXXGOAXXXXXXXXXXXXXXXXXXXGOOOAAXXXXXXXXXXXXXXXXGOOOAXXXXXXXXXXXXXXXXXGOOXXXXXXXXXXXXXXXXXXXGOAOXXXXXXXXXXXXXXXXXXGOOOXXXXXXXXXXXXXXXXXXGAXXXXXXXXXXXXXXXXXXXX,0,0,0
3297,51,9,42,158,391,0,0,434,279,155,GOAXXXXXXXXXXXXXXXXXXXGOXXXXXXXXXXXXXXXXXXXXGOAXXXXXXXXXXXXXXXXXXXGOOOOOXXXXXXXXXXXXXXXXGOOOOOXXXXXXXXXXXXXXXXGOOAXXXXXXXXXXXXXXXXXXGOAXXXXXXXXXXXXXXXXXXXGOOOAAXXXXXXXXXXXXXXXXGOOOAXXXXXXXXXXXXXXXXXGOOXXXXXXXXXXXXXXXXXXXGOAOXXXXXXXXXXXXXXXXXXGOOOXXXXXXXXXXXXXXXXXXGAXXXXXXXXXXXXXXXXXXXX,0,0,0
3318,53,11,42,152,395,0,0,438,281,157,GOAXXXXXXXXXXXXXXXXXXXGOXXXXXXXXXXXXXXXXXXXXGOAAXXXXXXXXXXXXXXXXXXGOOOOOAXXXXXXXXXXXXXXXGOOOOOXXXXXXXXXXXXXXXXGOOAXXXXXXXXXXXXXXXXXXGOAXXXXXXXXXXXXXXXXXXXGOOOAAXXXXXXXXXXXXXXXXGOOOAXXXXXXXXXXXXXXXXXGOOXXXXXXXXXXXXXXXXXXXGOAOXXXXXXXXXXXXXXXXXXGOOOXXXXXXXXXXXXXXXXXXGAXXXXXXXXXXXXXXXXXXXX,0,0,0
3339,53,10,43,154,393,0,0,437,289,148,GOAXXXXXXXXXXXXXXXXXXXGOXXXXXXXXXXXXXXXXXXXXGOAAXXXXXXXXXXXXXXXXXXGOOOOOAXXXXXXXXXXXXXXXGOOOOOXXXXXXXXXXXXXXXXGOOAXXXXXXXXXXXXXXXXXXGOAXXXXXXXXXXXXXXXXXXXGOOOAAXXXXXXXXXXXXXXXXGOOOAXXXXXXXXXXXXXXXXXGOOXXXXXXXXXXXXXXXXXXXGOAOXXXXXXXXXXXXXXXXXXGOOOXXXXXXXXXXXXXXXXXXGOXXXXXXXXXXXXXXXXXXXX,0,0,0

3360,52,8,44,152,396,0,0,440,297,143,GOAXXXXXXXXXXXXXXXXXXXGOXXXXXXXXXXXXXXXXXXXXGOOAXXXXXXXXXXXXXXXXXXGOOOOOAXXXXXXXXXXXXXXXGOOOOOXXXXXXXXXXXXXXXXGOOAXXXXXXXXXXXXXXXXXXGOAXXXXXXXXXXXXXXXXXXXGOOOAXXXXXXXXXXXXXXXXXGOOOAXXXXXXXXXXXXXXXXXGOOXXXXXXXXXXXXXXXXXXXGOAOXXXXXXXXXXXXXXXXXXGOOOXXXXXXXXXXXXXXXXXXGOXXXXXXXXXXXXXXXXXXXX,0,0,0
3381,52,7,45,146,402,0,0,445,297,148,GOAXXXXXXXXXXXXXXXXXXXGOXXXXXXXXXXXXXXXXXXXXGOOAXXXXXXXXXXXXXXXXXXGOOOOOAXXXXXXXXXXXXXXXGOOOOOXXXXXXXXXXXXXXXXGOOAXXXXXXXXXXXXXXXXXXGOAXXXXXXXXXXXXXXXXXXXGOOOAXXXXXXXXXXXXXXXXXGOOOOXXXXXXXXXXXXXXXXXGOOXXXXXXXXXXXXXXXXXXXGOAOXXXXXXXXXXXXXXXXXXGOOOXXXXXXXXXXXXXXXXXXGOXXXXXXXXXXXXXXXXXXXX,0,0,0
3402,51,8,43,140,409,0,0,452,294,158,GOAXXXXXXXXXXXXXXXXXXXGOXXXXXXXXXXXXXXXXXXXXGOOAXXXXXXXXXXXXXXXXXXGOOOOOAXXXXXXXXXXXXXXXGOOOOXXXXXXXXXXXXXXXXXGOOAXXXXXXXXXXXXXXXXXXGOAXXXXXXXXXXXXXXXXXXXGOOOAXXXXXXXXXXXXXXXXXGOOOOAXXXXXXXXXXXXXXXXGOOXXXXXXXXXXXXXXXXXXXGOAOXXXXXXXXXXXXXXXXXXGOOXXXXXXXXXXXXXXXXXXXGOXXXXXXXXXXXXXXXXXXXX,0,0,0
3423,49,6,43,133,418,0,0,460,292,168,GOOXXXXXXXXXXXXXXXXXXXGOXXXXXXXXXXXXXXXXXXXXGOOXXXXXXXXXXXXXXXXXXXGOOOOOAXXXXXXXXXXXXXXXGOOOOXXXXXXXXXXXXXXXXXGOOAXXXXXXXXXXXXXXXXXXGOAXXXXXXXXXXXXXXXXXXXGOOOAXXXXXXXXXXXXXXXXXGOOOOAXXXXXXXXXXXXXXXXGOOXXXXXXXXXXXXXXXXXXXGOAOXXXXXXXXXXXXXXXXXXGOXXXXXXXXXXXXXXXXXXXXGOXXXXXXXXXXXXXXXXXXXX,0,0,0
3444,49,5,44,125,426,0,0,471,286,185,GOOXXXXXXXXXXXXXXXXXXXGOXXXXXXXXXXXXXXXXXXXXGOOXXXXXXXXXXXXXXXXXXXGOOOOOAXXXXXXXXXXXXXXXGOOOOXXXXXXXXXXXXXXXXXGOOAXXXXXXXXXXXXXXXXXXGOAXXXXXXXXXXXXXXXXXXXGOOOAXXXXXXXXXXXXXXXXXGOOOOAXXXXXXXXXXXXXXXXGOOXXXXXXXXXXXXXXXXXXXGOOOXXXXXXXXXXXXXXXXXXGOXXXXXXXXXXXXXXXXXXXXGOXXXXXXXXXXXXXXXXXXXX,0,0,0

3465,46,5,41,118,436,0,0,477,287,190,GOXXXXXXXXXXXXXXXXXXXXGOXXXXXXXXXXXXXXXXXXXXGOOXXXXXXXXXXXXXXXXXXXGOOOOOAXXXXXXXXXXXXXXXGOOOOXXXXXXXXXXXXXXXXXGOOAXXXXXXXXXXXXXXXXXXGOAXXXXXXXXXXXXXXXXXXXGOOOAXXXXXXXXXXXXXXXXXGOOOXAXXXXXXXXXXXXXXXXGOOXXXXXXXXXXXXXXXXXXXGOOOXXXXXXXXXXXXXXXXXXGXXXXXXXXXXXXXXXXXXXXXGOXXXXXXXXXXXXXXXXXXXX,0,0,0
3486,45,4,41,120,435,0,0,478,278,200,GOXXXXXXXXXXXXXXXXXXXXGOXXXXXXXXXXXXXXXXXXXXGOOXXXXXXXXXXXXXXXXXXXGOOOOOAXXXXXXXXXXXXXXXGOOOOXXXXXXXXXXXXXXXXXGOOAXXXXXXXXXXXXXXXXXXGOAXXXXXXXXXXXXXXXXXXXGOOOAXXXXXXXXXXXXXXXXXGOOOXXXXXXXXXXXXXXXXXXGOOXXXXXXXXXXXXXXXXXXXGOOOXXXXXXXXXXXXXXXXXXGXXXXXXXXXXXXXXXXXXXXXGOXXXXXXXXXXXXXXXXXXXX,0,0,0
3507,45,4,41,122,433,0,0,476,267,209,GOXXXXXXXXXXXXXXXXXXXXGOXXXXXXXXXXXXXXXXXXXXGOOXXXXXXXXXXXXXXXXXXXGOOOOOAXXXXXXXXXXXXXXXGOOOOXXXXXXXXXXXXXXXXXGOOOAXXXXXXXXXXXXXXXXXGOAXXXXXXXXXXXXXXXXXXXGOOOAXXXXXXXXXXXXXXXXXGOOXXXXXXXXXXXXXXXXXXXGOOXXXXXXXXXXXXXXXXXXXGOOOXXXXXXXXXXXXXXXXXXGXXXXXXXXXXXXXXXXXXXXXGOXXXXXXXXXXXXXXXXXXXX,0,0,0
3528,45,4,41,125,430,0,0,472,261,211,GOXXXXXXXXXXXXXXXXXXXXGOXXXXXXXXXXXXXXXXXXXXGOOXXXXXXXXXXXXXXXXXXXGOOOOOAXXXXXXXXXXXXXXXGOOOOXXXXXXXXXXXXXXXXXGOOOAXXXXXXXXXXXXXXXXXGOAXXXXXXXXXXXXXXXXXXXGOOOAXXXXXXXXXXXXXXXXXGOOXXXXXXXXXXXXXXXXXXXGOOXXXXXXXXXXXXXXXXXXXGOOOXXXXXXXXXXXXXXXXXXGXXXXXXXXXXXXXXXXXXXXXGOXXXXXXXXXXXXXXXXXXXX,0,0,0
3549,46,4,42,121,433,0,0,476,262,214,GOXXXXXXXXXXXXXXXXXXXXGOXXXXXXXXXXXXXXXXXXXXGOOXXXXXXXXXXXXXXXXXXXGOOOOOAXXXXXXXXXXXXXXXGOOOOXXXXXXXXXXXXXXXXXGOOOAXXXXXXXXXXXXXXXXXGOAXXXXXXXXXXXXXXXXXXXGOOOOXXXXXXXXXXXXXXXXXGOOAXXXXXXXXXXXXXXXXXXGOOXXXXXXXXXXXXXXXXXXXGOOOXXXXXXXXXXXXXXXXXXGXXXXXXXXXXXXXXXXXXXXXGOXXXXXXXXXXXXXXXXXXXX,0,0,0

3570,47,4,43,124,429,0,0,473,260,213,GOXXXXXXXXXXXXXXXXXXXXGOXXXXXXXXXXXXXXXXXXXXGOOXXXXXXXXXXXXXXXXXXXGOOOOOAXXXXXXXXXXXXXXXGOOOOXXXXXXXXXXXXXXXXXGOOOAXXXXXXXXXXXXXXXXXGOOXXXXXXXXXXXXXXXXXXXGOOOOXXXXXXXXXXXXXXXXXGOOAXXXXXXXXXXXXXXXXXXGOOXXXXXXXXXXXXXXXXXXXGOOOXXXXXXXXXXXXXXXXXXGAXXXXXXXXXXXXXXXXXXXXGOXXXXXXXXXXXXXXXXXXXX,0,0,0
3591,47,4,43,123,430,0,0,474,263,211,GOXXXXXXXXXXXXXXXXXXXXGOXXXXXXXXXXXXXXXXXXXXGOOXXXXXXXXXXXXXXXXXXXGOOOOOAXXXXXXXXXXXXXXXGOOOOXXXXXXXXXXXXXXXXXGOOOAXXXXXXXXXXXXXXXXXGOOXXXXXXXXXXXXXXXXXXXGOOOOXXXXXXXXXXXXXXXXXGOOAXXXXXXXXXXXXXXXXXXGOOXXXXXXXXXXXXXXXXXXXGOOOXXXXXXXXXXXXXXXXXXGAXXXXXXXXXXXXXXXXXXXXGOXXXXXXXXXXXXXXXXXXXX,0,0,0
3612,46,3,43,134,420,0,0,464,265,199,GXXXXXXXXXXXXXXXXXXXXXGOXXXXXXXXXXXXXXXXXXXXGOOXXXXXXXXXXXXXXXXXXXGOOOOOAXXXXXXXXXXXXXXXGOOOOXXXXXXXXXXXXXXXXXGOOOAXXXXXXXXXXXXXXXXXGOOXXXXXXXXXXXXXXXXXXXGOOOOXXXXXXXXXXXXXXXXXGOOOXXXXXXXXXXXXXXXXXXGOOXXXXXXXXXXXXXXXXXXXGOOOXXXXXXXXXXXXXXXXXXGAXXXXXXXXXXXXXXXXXXXXGOXXXXXXXXXXXXXXXXXXXX,0,0,0
3633,46,3,43,141,413,0,0,457,264,193,GXXXXXXXXXXXXXXXXXXXXXGOXXXXXXXXXXXXXXXXXXXXGOOXXXXXXXXXXXXXXXXXXXGOOOOOAXXXXXXXXXXXXXXXGOOOOXXXXXXXXXXXXXXXXXGOOOAXXXXXXXXXXXXXXXXXGOOXXXXXXXXXXXXXXXXXXXGOOOOXXXXXXXXXXXXXXXXXGOOOXXXXXXXXXXXXXXXXXXGOOXXXXXXXXXXXXXXXXXXXGOOOXXXXXXXXXXXXXXXXXXGAXXXXXXXXXXXXXXXXXXXXGOXXXXXXXXXXXXXXXXXXXX,0,0,0
3654,49,6,43,138,413,0,0,457,262,195,GAXXXXXXXXXXXXXXXXXXXXGOXXXXXXXXXXXXXXXXXXXXGOOXXXXXXXXXXXXXXXXXXXGOOOOOAAXXXXXXXXXXXXXXGOOOOXXXXXXXXXXXXXXXXXGOOOAAXXXXXXXXXXXXXXXXGOOXXXXXXXXXXXXXXXXXXXGOOOOXXXXXXXXXXXXXXXXXGOOOXXXXXXXXXXXXXXXXXXGOOXXXXXXXXXXXXXXXXXXXGOOOXXXXXXXXXXXXXXXXXXGAXXXXXXXXXXXXXXXXXXXXGOXXXXXXXXXXXXXXXXXXXX,0,0,0

3675,50,6,44,140,410,0,0,455,259,196,GOXXXXXXXXXXXXXXXXXXXXGOXXXXXXXXXXXXXXXXXXXXGOOXXXXXXXXXXXXXXXXXXXGOOOOOAAXXXXXXXXXXXXXXGOOOOXXXXXXXXXXXXXXXXXGOOOAAXXXXXXXXXXXXXXXXGOOAXXXXXXXXXXXXXXXXXXGOOOOXXXXXXXXXXXXXXXXXGOOOXXXXXXXXXXXXXXXXXXGOOXXXXXXXXXXXXXXXXXXXGOOOXXXXXXXXXXXXXXXXXXGAXXXXXXXXXXXXXXXXXXXXGOXXXXXXXXXXXXXXXXXXXX,0,0,0
3696,50,6,44,146,404,0,0,448,261,187,GOXXXXXXXXXXXXXXXXXXXXGOXXXXXXXXXXXXXXXXXXXXGOOXXXXXXXXXXXXXXXXXXXGOOOOOAAXXXXXXXXXXXXXXGOOOOXXXXXXXXXXXXXXXXXGOOOAAXXXXXXXXXXXXXXXXGOOAXXXXXXXXXXXXXXXXXXGOOOOXXXXXXXXXXXXXXXXXGOOOXXXXXXXXXXXXXXXXXXGOOXXXXXXXXXXXXXXXXXXXGOOOXXXXXXXXXXXXXXXXXXGAXXXXXXXXXXXXXXXXXXXXGOXXXXXXXXXXXXXXXXXXXX,0,0,0
3717,47,6,41,139,414,0,0,454,268,186,GOXXXXXXXXXXXXXXXXXXXXGXXXXXXXXXXXXXXXXXXXXXGOXXXXXXXXXXXXXXXXXXXXGOOOOOAAXXXXXXXXXXXXXXGOOOOXXXXXXXXXXXXXXXXXGOOOAAXXXXXXXXXXXXXXXXGOOAXXXXXXXXXXXXXXXXXXGOOOXXXXXXXXXXXXXXXXXXGOOOXXXXXXXXXXXXXXXXXXGOOXXXXXXXXXXXXXXXXXXXGOOOXXXXXXXXXXXXXXXXXXGAXXXXXXXXXXXXXXXXXXXXGOXXXXXXXXXXXXXXXXXXXX,0,0,0
3738,47,6,41,150,403,0,0,445,267,178,GOXXXXXXXXXXXXXXXXXXXXGXXXXXXXXXXXXXXXXXXXXXGOXXXXXXXXXXXXXXXXXXXXGOOOOOAAXXXXXXXXXXXXXXGOOOOXXXXXXXXXXXXXXXXXGOOOAAXXXXXXXXXXXXXXXXGOOAXXXXXXXXXXXXXXXXXXGOOOXXXXXXXXXXXXXXXXXXGOOOXXXXXXXXXXXXXXXXXXGOOXXXXXXXXXXXXXXXXXXXGOOOXXXXXXXXXXXXXXXXXXGAXXXXXXXXXXXXXXXXXXXXGOXXXXXXXXXXXXXXXXXXXX,0,0,0
3759,46,6,40,156,398,0,0,440,265,175,GOXXXXXXXXXXXXXXXXXXXXGXXXXXXXXXXXXXXXXXXXXXGOXXXXXXXXXXXXXXXXXXXXGOOOOOAAXXXXXXXXXXXXXXGOOOOXXXXXXXXXXXXXXXXXGOOOAAXXXXXXXXXXXXXXXXGOOAXXXXXXXXXXXXXXXXXXGOOXXXXXXXXXXXXXXXXXXXGOOOXXXXXXXXXXXXXXXXXXGOOXXXXXXXXXXXXXXXXXXXGOOOXXXXXXXXXXXXXXXXXXGAXXXXXXXXXXXXXXXXXXXXGOXXXXXXXXXXXXXXXXXXXX,0,0,0

3780,47,6,41,160,393,0,0,435,270,165,GOXXXXXXXXXXXXXXXXXXXXGXXXXXXXXXXXXXXXXXXXXXGOXXXXXXXXXXXXXXXXXXXXGOOOOOOAXXXXXXXXXXXXXXGOOOOXXXXXXXXXXXXXXXXXGOOOAAXXXXXXXXXXXXXXXXGOOAXXXXXXXXXXXXXXXXXXGOOXXXXXXXXXXXXXXXXXXXGOOOXXXXXXXXXXXXXXXXXXGOOXXXXXXXXXXXXXXXXXXXGOOOAXXXXXXXXXXXXXXXXXGAXXXXXXXXXXXXXXXXXXXXGOXXXXXXXXXXXXXXXXXXXX,0,0,0
3801,47,5,42,161,392,0,0,436,279,157,GOXXXXXXXXXXXXXXXXXXXXGXXXXXXXXXXXXXXXXXXXXXGOXXXXXXXXXXXXXXXXXXXXGOOOOOOAXXXXXXXXXXXXXXGOOOOXXXXXXXXXXXXXXXXXGOOOAOXXXXXXXXXXXXXXXXGOOAXXXXXXXXXXXXXXXXXXGOOXXXXXXXXXXXXXXXXXXXGOOOXXXXXXXXXXXXXXXXXXGOOXXXXXXXXXXXXXXXXXXXGOOOAXXXXXXXXXXXXXXXXXGAXXXXXXXXXXXXXXXXXXXXGOXXXXXXXXXXXXXXXXXXXX,0,0,0
3822,46,4,42,164,390,0,0,433,282,151,GOXXXXXXXXXXXXXXXXXXXXGXXXXXXXXXXXXXXXXXXXXXGOAXXXXXXXXXXXXXXXXXXXGOOOOOOAXXXXXXXXXXXXXXGOOOOXXXXXXXXXXXXXXXXXGOOOXXXXXXXXXXXXXXXXXXGOOAXXXXXXXXXXXXXXXXXXGOOXXXXXXXXXXXXXXXXXXXGOOOXXXXXXXXXXXXXXXXXXGOOXXXXXXXXXXXXXXXXXXXGOOOOXXXXXXXXXXXXXXXXXGAXXXXXXXXXXXXXXXXXXXXGOXXXXXXXXXXXXXXXXXXXX,0,0,0
3843,46,4,42,158,396,0,0,438,283,155,GOXXXXXXXXXXXXXXXXXXXXGXXXXXXXXXXXXXXXXXXXXXGOAXXXXXXXXXXXXXXXXXXXGOOOOOOAXXXXXXXXXXXXXXGOOOOXXXXXXXXXXXXXXXXXGOOOXXXXXXXXXXXXXXXXXXGOOAXXXXXXXXXXXXXXXXXXGOOXXXXXXXXXXXXXXXXXXXGOOOXXXXXXXXXXXXXXXXXXGOOXXXXXXXXXXXXXXXXXXXGOOOOXXXXXXXXXXXXXXXXXGAXXXXXXXXXXXXXXXXXXXXGOXXXXXXXXXXXXXXXXXXXX,0,0,0
3864,46,3,43,151,403,0,0,450,281,169,GOXXXXXXXXXXXXXXXXXXXXGXXXXXXXXXXXXXXXXXXXXXGOAXXXXXXXXXXXXXXXXXXXGOOOOOOAXXXXXXXXXXXXXXGOOOOXXXXXXXXXXXXXXXXXGOOOXXXXXXXXXXXXXXXXXXGOOOXXXXXXXXXXXXXXXXXXGOOXXXXXXXXXXXXXXXXXXXGOOOXXXXXXXXXXXXXXXXXXGOOXXXXXXXXXXXXXXXXXXXGOOOOXXXXXXXXXXXXXXXXXGAXXXXXXXXXXXXXXXXXXXXGOXXXXXXXXXXXXXXXXXXXX,0,0,0

3885,45,2,43,152,403,0,0,450,273,177,GOXXXXXXXXXXXXXXXXXXXXGXXXXXXXXXXXXXXXXXXXXXGOAXXXXXXXXXXXXXXXXXXXGOOOOOOXXXXXXXXXXXXXXXGOOOOXXXXXXXXXXXXXXXXXGOOOXXXXXXXXXXXXXXXXXXGOOOXXXXXXXXXXXXXXXXXXGOOXXXXXXXXXXXXXXXXXXXGOOOXXXXXXXXXXXXXXXXXXGOOXXXXXXXXXXXXXXXXXXXGOOOOXXXXXXXXXXXXXXXXXGAXXXXXXXXXXXXXXXXXXXXGOXXXXXXXXXXXXXXXXXXXX,0,0,0
3906,45,3,42,149,406,0,0,452,272,180,GOXXXXXXXXXXXXXXXXXXXXGXXXXXXXXXXXXXXXXXXXXXGOAXXXXXXXXXXXXXXXXXXXGOOOOOXXXXXXXXXXXXXXXXGOOOOAXXXXXXXXXXXXXXXXGOOOXXXXXXXXXXXXXXXXXXGOOOXXXXXXXXXXXXXXXXXXGOOXXXXXXXXXXXXXXXXXXXGOOOXXXXXXXXXXXXXXXXXXGOOXXXXXXXXXXXXXXXXXXXGOOOOXXXXXXXXXXXXXXXXXGAXXXXXXXXXXXXXXXXXXXXGOXXXXXXXXXXXXXXXXXXXX,0,0,0
3927,45,3,42,148,407,0,0,454,273,181,GOXXXXXXXXXXXXXXXXXXXXGXXXXXXXXXXXXXXXXXXXXXGOAXXXXXXXXXXXXXXXXXXXGOOOOOXXXXXXXXXXXXXXXXGOOOOAXXXXXXXXXXXXXXXXGOOOXXXXXXXXXXXXXXXXXXGOOOXXXXXXXXXXXXXXXXXXGOOXXXXXXXXXXXXXXXXXXXGOOOXXXXXXXXXXXXXXXXXXGOOXXXXXXXXXXXXXXXXXXXGOOOOXXXXXXXXXXXXXXXXXGAXXXXXXXXXXXXXXXXXXXXGOXXXXXXXXXXXXXXXXXXXX,0,0,0
3948,47,5,42,138,415,0,0,462,279,183,GOXXXXXXXXXXXXXXXXXXXXGXXXXXXXXXXXXXXXXXXXXXGOAXXXXXXXXXXXXXXXXXXXGOOOOOXXXXXXXXXXXXXXXXGOOOOAXXXXXXXXXXXXXXXXGOOOAXXXXXXXXXXXXXXXXXGOOOXXXXXXXXXXXXXXXXXXGOOXXXXXXXXXXXXXXXXXXXGOOOXXXXXXXXXXXXXXXXXXGOOXXXXXXXXXXXXXXXXXXXGOOOOXXXXXXXXXXXXXXXXXGAXXXXXXXXXXXXXXXXXXXXGOAXXXXXXXXXXXXXXXXXXX,0,0,0
3969,47,4,43,137,416,0,0,465,277,188,GOXXXXXXXXXXXXXXXXXXXXGXXXXXXXXXXXXXXXXXXXXXGOAXXXXXXXXXXXXXXXXXXXGOOOOOXXXXXXXXXXXXXXXXGOOOOAXXXXXXXXXXXXXXXXGOOOAXXXXXXXXXXXXXXXXXGOOOXXXXXXXXXXXXXXXXXXGOOXXXXXXXXXXXXXXXXXXXGOOOXXXXXXXXXXXXXXXXXXGOOXXXXXXXXXXXXXXXXXXXGOOOOXXXXXXXXXXXXXXXXXGOXXXXXXXXXXXXXXXXXXXXGOAXXXXXXXXXXXXXXXXXXX,0,0,0

3990,47,4,43,134,419,0,0,467,278,189,GOXXXXXXXXXXXXXXXXXXXXGXXXXXXXXXXXXXXXXXXXXXGOAXXXXXXXXXXXXXXXXXXXGOOOOOXXXXXXXXXXXXXXXXGOOOOAXXXXXXXXXXXXXXXXGOOOAXXXXXXXXXXXXXXXXXGOOOXXXXXXXXXXXXXXXXXXGOOXXXXXXXXXXXXXXXXXXXGOOOXXXXXXXXXXXXXXXXXXGOOXXXXXXXXXXXXXXXXXXXGOOOOXXXXXXXXXXXXXXXXXGOXXXXXXXXXXXXXXXXXXXXGOAXXXXXXXXXXXXXXXXXXX,0,0,0
4011,46,3,43,143,411,0,0,459,269,190,GOXXXXXXXXXXXXXXXXXXXXGXXXXXXXXXXXXXXXXXXXXXGOAXXXXXXXXXXXXXXXXXXXGOOOOOXXXXXXXXXXXXXXXXGOOOOAXXXXXXXXXXXXXXXXGOOOAXXXXXXXXXXXXXXXXXGOOOXXXXXXXXXXXXXXXXXXGOOXXXXXXXXXXXXXXXXXXXGOOXXXXXXXXXXXXXXXXXXXGOOXXXXXXXXXXXXXXXXXXXGOOOOXXXXXXXXXXXXXXXXXGOXXXXXXXXXXXXXXXXXXXXGOOXXXXXXXXXXXXXXXXXXX,0,0,0
4032,47,4,43,137,416,0,0,463,264,199,GOXXXXXXXXXXXXXXXXXXXXGXXXXXXXXXXXXXXXXXXXXXGOAXXXXXXXXXXXXXXXXXXXGOOOOOXXXXXXXXXXXXXXXXGOOOOAXXXXXXXXXXXXXXXXGOOOAXXXXXXXXXXXXXXXXXGOOOXXXXXXXXXXXXXXXXXXGOOAXXXXXXXXXXXXXXXXXXGOOXXXXXXXXXXXXXXXXXXXGOOXXXXXXXXXXXXXXXXXXXGOOOOXXXXXXXXXXXXXXXXXGOXXXXXXXXXXXXXXXXXXXXGOOXXXXXXXXXXXXXXXXXXX,0,0,0
4053,44,3,41,136,420,0,0,463,262,201,GOXXXXXXXXXXXXXXXXXXXXGXXXXXXXXXXXXXXXXXXXXXGOAXXXXXXXXXXXXXXXXXXXGOOOOOXXXXXXXXXXXXXXXXGOOOOOXXXXXXXXXXXXXXXXGOOOAXXXXXXXXXXXXXXXXXGOOOXXXXXXXXXXXXXXXXXXGOOAXXXXXXXXXXXXXXXXXXGOOXXXXXXXXXXXXXXXXXXXGOOXXXXXXXXXXXXXXXXXXXGOOXXXXXXXXXXXXXXXXXXXGXXXXXXXXXXXXXXXXXXXXXGOOXXXXXXXXXXXXXXXXXXX,0,0,0
4074,45,4,41,138,417,0,0,461,258,203,GOXXXXXXXXXXXXXXXXXXXXGAXXXXXXXXXXXXXXXXXXXXGOAXXXXXXXXXXXXXXXXXXXGOOOOOXXXXXXXXXXXXXXXXGOOOOOXXXXXXXXXXXXXXXXGOOOAXXXXXXXXXXXXXXXXXGOOOXXXXXXXXXXXXXXXXXXGOOAXXXXXXXXXXXXXXXXXXGOOXXXXXXXXXXXXXXXXXXXGOOXXXXXXXXXXXXXXXXXXXGOOXXXXXXXXXXXXXXXXXXXGXXXXXXXXXXXXXXXXXXXXXGOOXXXXXXXXXXXXXXXXXXX,0,0,0

4095,45,4,41,139,416,0,0,460,259,201,GOXXXXXXXXXXXXXXXXXXXXGAXXXXXXXXXXXXXXXXXXXXGOAXXXXXXXXXXXXXXXXXXXGOOOOOXXXXXXXXXXXXXXXXGOOOOOXXXXXXXXXXXXXXXXGOOOAXXXXXXXXXXXXXXXXXGOOOXXXXXXXXXXXXXXXXXXGOOAXXXXXXXXXXXXXXXXXXGOOXXXXXXXXXXXXXXXXXXXGOOXXXXXXXXXXXXXXXXXXXGOOXXXXXXXXXXXXXXXXXXXGXXXXXXXXXXXXXXXXXXXXXGOOXXXXXXXXXXXXXXXXXXX,0,0,0
4116,44,5,39,147,409,0,0,451,258,193,GXXXXXXXXXXXXXXXXXXXXXGAXXXXXXXXXXXXXXXXXXXXGOAXXXXXXXXXXXXXXXXXXXGOOOOOXXXXXXXXXXXXXXXXGOOOOOXXXXXXXXXXXXXXXXGOOOAXXXXXXXXXXXXXXXXXGOOOXXXXXXXXXXXXXXXXXXGOOAXXXXXXXXXXXXXXXXXXGOOXXXXXXXXXXXXXXXXXXXGOOXXXXXXXXXXXXXXXXXXXGOOXXXXXXXXXXXXXXXXXXXGXXXXXXXXXXXXXXXXXXXXXGOAXXXXXXXXXXXXXXXXXXX,0,0,0
4137,44,5,39,152,404,0,0,445,252,193,GXXXXXXXXXXXXXXXXXXXXXGAXXXXXXXXXXXXXXXXXXXXGOAXXXXXXXXXXXXXXXXXXXGOOOOOXXXXXXXXXXXXXXXXGOOOOOXXXXXXXXXXXXXXXXGOOOAXXXXXXXXXXXXXXXXXGOOOXXXXXXXXXXXXXXXXXXGOOAXXXXXXXXXXXXXXXXXXGOOXXXXXXXXXXXXXXXXXXXGOOXXXXXXXXXXXXXXXXXXXGOOXXXXXXXXXXXXXXXXXXXGXXXXXXXXXXXXXXXXXXXXXGOAXXXXXXXXXXXXXXXXXXX,0,0,0
4158,43,5,38,152,405,0,0,446,254,192,GXXXXXXXXXXXXXXXXXXXXXGAXXXXXXXXXXXXXXXXXXXXGOAXXXXXXXXXXXXXXXXXXXGOOOOOXXXXXXXXXXXXXXXXGOOOOOXXXXXXXXXXXXXXXXGOOOAXXXXXXXXXXXXXXXXXGOOXXXXXXXXXXXXXXXXXXXGOOAXXXXXXXXXXXXXXXXXXGOOXXXXXXXXXXXXXXXXXXXGOOXXXXXXXXXXXXXXXXXXXGOOXXXXXXXXXXXXXXXXXXXGXXXXXXXXXXXXXXXXXXXXXGOAXXXXXXXXXXXXXXXXXXX,0,0,0
4179,43,5,38,158,399,0,0,441,259,182,GXXXXXXXXXXXXXXXXXXXXXGAXXXXXXXXXXXXXXXXXXXXGOAXXXXXXXXXXXXXXXXXXXGOOOOOXXXXXXXXXXXXXXXXGOOOOOXXXXXXXXXXXXXXXXGOOOAXXXXXXXXXXXXXXXXXGOOXXXXXXXXXXXXXXXXXXXGOOAXXXXXXXXXXXXXXXXXXGOOXXXXXXXXXXXXXXXXXXXGOOXXXXXXXXXXXXXXXXXXXGOOXXXXXXXXXXXXXXXXXXXGXXXXXXXXXXXXXXXXXXXXXGOAXXXXXXXXXXXXXXXXXXX,0,0,0

4200,43,5,38,155,402,0,0,444,263,181,GXXXXXXXXXXXXXXXXXXXXXGAXXXXXXXXXXXXXXXXXXXXGOAXXXXXXXXXXXXXXXXXXXGOOOOOXXXXXXXXXXXXXXXXGOOOOOXXXXXXXXXXXXXXXXGOOOAXXXXXXXXXXXXXXXXXGOOXXXXXXXXXXXXXXXXXXXGOOAXXXXXXXXXXXXXXXXXXGOOXXXXXXXXXXXXXXXXXXXGOOXXXXXXXXXXXXXXXXXXXGOOXXXXXXXXXXXXXXXXXXXGXXXXXXXXXXXXXXXXXXXXXGOAXXXXXXXXXXXXXXXXXXX,0,0,0
4221,43,5,38,154,403,0,0,444,268,176,GXXXXXXXXXXXXXXXXXXXXXGAXXXXXXXXXXXXXXXXXXXXGOOXXXXXXXXXXXXXXXXXXXGOOOOXXXXXXXXXXXXXXXXXGOOOOOAXXXXXXXXXXXXXXXGOOOAXXXXXXXXXXXXXXXXXGOOXXXXXXXXXXXXXXXXXXXGOOAXXXXXXXXXXXXXXXXXXGOOXXXXXXXXXXXXXXXXXXXGOOXXXXXXXXXXXXXXXXXXXGOOXXXXXXXXXXXXXXXXXXXGXXXXXXXXXXXXXXXXXXXXXGOAXXXXXXXXXXXXXXXXXXX,0,0,0
4242,44,5,39,156,400,0,0,442,272,170,GAXXXXXXXXXXXXXXXXXXXXGAXXXXXXXXXXXXXXXXXXXXGOOXXXXXXXXXXXXXXXXXXXGOOOOXXXXXXXXXXXXXXXXXGOOOOOAXXXXXXXXXXXXXXXGOOOAXXXXXXXXXXXXXXXXXGOOXXXXXXXXXXXXXXXXXXXGOOAXXXXXXXXXXXXXXXXXXGOOXXXXXXXXXXXXXXXXXXXGOOXXXXXXXXXXXXXXXXXXXGOOXXXXXXXXXXXXXXXXXXXGXXXXXXXXXXXXXXXXXXXXXGOOXXXXXXXXXXXXXXXXXXX,0,0,0
4263,44,7,37,151,405,0,0,445,273,172,GAAXXXXXXXXXXXXXXXXXXXGAXXXXXXXXXXXXXXXXXXXXGOAXXXXXXXXXXXXXXXXXXXGOOOOXXXXXXXXXXXXXXXXXGOOOOOAXXXXXXXXXXXXXXXGOOOAXXXXXXXXXXXXXXXXXGOOXXXXXXXXXXXXXXXXXXXGOOAXXXXXXXXXXXXXXXXXXGOOXXXXXXXXXXXXXXXXXXXGOOXXXXXXXXXXXXXXXXXXXGOOXXXXXXXXXXXXXXXXXXXGXXXXXXXXXXXXXXXXXXXXXGOXXXXXXXXXXXXXXXXXXXX,0,0,0
4284,45,6,39,154,401,0,0,443,277,166,GAAXXXXXXXXXXXXXXXXXXXGAXXXXXXXXXXXXXXXXXXXXGOAXXXXXXXXXXXXXXXXXXXGOOOOXXXXXXXXXXXXXXXXXGOOOOOOXXXXXXXXXXXXXXXGOOOAXXXXXXXXXXXXXXXXXGOOXXXXXXXXXXXXXXXXXXXGOOOXXXXXXXXXXXXXXXXXXGOOXXXXXXXXXXXXXXXXXXXGOOXXXXXXXXXXXXXXXXXXXGOOXXXXXXXXXXXXXXXXXXXGAXXXXXXXXXXXXXXXXXXXXGOXXXXXXXXXXXXXXXXXXXX,0,0,0

4305,45,6,39,155,400,0,0,441,280,161,GAAXXXXXXXXXXXXXXXXXXXGAXXXXXXXXXXXXXXXXXXXXGOAXXXXXXXXXXXXXXXXXXXGOOOOXXXXXXXXXXXXXXXXXGOOOOOOXXXXXXXXXXXXXXXGOOOAXXXXXXXXXXXXXXXXXGOOXXXXXXXXXXXXXXXXXXXGOOOXXXXXXXXXXXXXXXXXXGOOXXXXXXXXXXXXXXXXXXXGOOXXXXXXXXXXXXXXXXXXXGOOXXXXXXXXXXXXXXXXXXXGAXXXXXXXXXXXXXXXXXXXXGOXXXXXXXXXXXXXXXXXXXX,0,0,0
4326,46,7,39,153,401,0,0,442,277,165,GAAXXXXXXXXXXXXXXXXXXXGAXXXXXXXXXXXXXXXXXXXXGOAXXXXXXXXXXXXXXXXXXXGOOOOXXXXXXXXXXXXXXXXXGOOOOOOXXXXXXXXXXXXXXXGOOOAXXXXXXXXXXXXXXXXXGOOXXXXXXXXXXXXXXXXXXXGOOOAXXXXXXXXXXXXXXXXXGOOXXXXXXXXXXXXXXXXXXXGOOXXXXXXXXXXXXXXXXXXXGOOXXXXXXXXXXXXXXXXXXXGAXXXXXXXXXXXXXXXXXXXXGOXXXXXXXXXXXXXXXXXXXX,0,0,0
4347,47,8,39,154,399,0,0,438,276,162,GAAXXXXXXXXXXXXXXXXXXXGAAXXXXXXXXXXXXXXXXXXXGOAXXXXXXXXXXXXXXXXXXXGOOOOXXXXXXXXXXXXXXXXXGOOOOOOXXXXXXXXXXXXXXXGOOOAXXXXXXXXXXXXXXXXXGOOXXXXXXXXXXXXXXXXXXXGOOOAXXXXXXXXXXXXXXXXXGOOXXXXXXXXXXXXXXXXXXXGOOXXXXXXXXXXXXXXXXXXXGOOXXXXXXXXXXXXXXXXXXXGAXXXXXXXXXXXXXXXXXXXXGOXXXXXXXXXXXXXXXXXXXX,0,0,0
4368,47,8,39,153,400,0,0,440,274,166,GAAXXXXXXXXXXXXXXXXXXXGAAXXXXXXXXXXXXXXXXXXXGOAXXXXXXXXXXXXXXXXXXXGOOOOXXXXXXXXXXXXXXXXXGOOOOOOXXXXXXXXXXXXXXXGOOOAXXXXXXXXXXXXXXXXXGOOXXXXXXXXXXXXXXXXXXXGOOOAXXXXXXXXXXXXXXXXXGOOXXXXXXXXXXXXXXXXXXXGOOXXXXXXXXXXXXXXXXXXXGOOXXXXXXXXXXXXXXXXXXXGAXXXXXXXXXXXXXXXXXXXXGOXXXXXXXXXXXXXXXXXXXX,0,0,0
4389,47,8,39,145,408,0,0,449,274,175,GAAXXXXXXXXXXXXXXXXXXXGAAXXXXXXXXXXXXXXXXXXXGOAXXXXXXXXXXXXXXXXXXXGOOOOXXXXXXXXXXXXXXXXXGOOOOOOXXXXXXXXXXXXXXXGOOOAXXXXXXXXXXXXXXXXXGOOXXXXXXXXXXXXXXXXXXXGOOOAXXXXXXXXXXXXXXXXXGOOXXXXXXXXXXXXXXXXXXXGOOXXXXXXXXXXXXXXXXXXXGOOXXXXXXXXXXXXXXXXXXXGAXXXXXXXXXXXXXXXXXXXXGOXXXXXXXXXXXXXXXXXXXX,0,0,0

4410,44,6,38,142,414,0,0,454,275,179,GAAXXXXXXXXXXXXXXXXXXXGAAXXXXXXXXXXXXXXXXXXXGOAXXXXXXXXXXXXXXXXXXXGOOOOXXXXXXXXXXXXXXXXXGOOOOXXXXXXXXXXXXXXXXXGOOOOXXXXXXXXXXXXXXXXXGOOXXXXXXXXXXXXXXXXXXXGOOXAXXXXXXXXXXXXXXXXXGOOXXXXXXXXXXXXXXXXXXXGOOXXXXXXXXXXXXXXXXXXXGOOXXXXXXXXXXXXXXXXXXXGOXXXXXXXXXXXXXXXXXXXXGOXXXXXXXXXXXXXXXXXXXX,0,0,0
4431,43,4,39,137,420,0,0,461,280,181,GAAXXXXXXXXXXXXXXXXXXXGOAXXXXXXXXXXXXXXXXXXXGOAXXXXXXXXXXXXXXXXXXXGOOOOXXXXXXXXXXXXXXXXXGOOOOXXXXXXXXXXXXXXXXXGOOOOXXXXXXXXXXXXXXXXXGOOXXXXXXXXXXXXXXXXXXXGOOXXXXXXXXXXXXXXXXXXXGOOXXXXXXXXXXXXXXXXXXXGOOXXXXXXXXXXXXXXXXXXXGOOXXXXXXXXXXXXXXXXXXXGOXXXXXXXXXXXXXXXXXXXXGOXXXXXXXXXXXXXXXXXXXX,0,0,0
4452,42,4,38,133,425,0,0,464,275,189,GAAXXXXXXXXXXXXXXXXXXXGOAXXXXXXXXXXXXXXXXXXXGOAXXXXXXXXXXXXXXXXXXXGOOOOXXXXXXXXXXXXXXXXXGOOOOXXXXXXXXXXXXXXXXXGOOOXXXXXXXXXXXXXXXXXXGOOXXXXXXXXXXXXXXXXXXXGOOXXXXXXXXXXXXXXXXXXXGOOXXXXXXXXXXXXXXXXXXXGOOXXXXXXXXXXXXXXXXXXXGOOXXXXXXXXXXXXXXXXXXXGOXXXXXXXXXXXXXXXXXXXXGOXXXXXXXXXXXXXXXXXXXX,0,0,0
4473,43,5,38,127,430,0,0,469,269,200,GAAXXXXXXXXXXXXXXXXXXXGOAXXXXXXXXXXXXXXXXXXXGOAXXXXXXXXXXXXXXXXXXXGOOOOXXXXXXXXXXXXXXXXXGOOOOXXXXXXXXXXXXXXXXXGOOOXXXXXXXXXXXXXXXXXXGOOXXXXXXXXXXXXXXXXXXXGOOAXXXXXXXXXXXXXXXXXXGOOXXXXXXXXXXXXXXXXXXXGOOXXXXXXXXXXXXXXXXXXXGOOXXXXXXXXXXXXXXXXXXXGOXXXXXXXXXXXXXXXXXXXXGOXXXXXXXXXXXXXXXXXXXX,0,0,0
4494,43,4,39,122,435,0,0,475,274,201,GAOXXXXXXXXXXXXXXXXXXXGOAXXXXXXXXXXXXXXXXXXXGOAXXXXXXXXXXXXXXXXXXXGOOOOXXXXXXXXXXXXXXXXXGOOOOXXXXXXXXXXXXXXXXXGOOOXXXXXXXXXXXXXXXXXXGOOXXXXXXXXXXXXXXXXXXXGOOAXXXXXXXXXXXXXXXXXXGOOXXXXXXXXXXXXXXXXXXXGOOXXXXXXXXXXXXXXXXXXXGOOXXXXXXXXXXXXXXXXXXXGOXXXXXXXXXXXXXXXXXXXXGOXXXXXXXXXXXXXXXXXXXX,0,0,0

4515,42,5,37,123,435,0,0,474,266,208,GAOXXXXXXXXXXXXXXXXXXXGOAXXXXXXXXXXXXXXXXXXXGOAAXXXXXXXXXXXXXXXXXXGOOOXXXXXXXXXXXXXXXXXXGOOOXXXXXXXXXXXXXXXXXXGOOOXXXXXXXXXXXXXXXXXXGOOXXXXXXXXXXXXXXXXXXXGOOAXXXXXXXXXXXXXXXXXXGOOXXXXXXXXXXXXXXXXXXXGOOXXXXXXXXXXXXXXXXXXXGOOXXXXXXXXXXXXXXXXXXXGOXXXXXXXXXXXXXXXXXXXXGOXXXXXXXXXXXXXXXXXXXX,0,0,0
4536,42,4,38,129,429,0,0,470,260,210,GAOXXXXXXXXXXXXXXXXXXXGOAXXXXXXXXXXXXXXXXXXXGOAOXXXXXXXXXXXXXXXXXXGOOOXXXXXXXXXXXXXXXXXXGOOOXXXXXXXXXXXXXXXXXXGOOOXXXXXXXXXXXXXXXXXXGOOXXXXXXXXXXXXXXXXXXXGOOAXXXXXXXXXXXXXXXXXXGOOXXXXXXXXXXXXXXXXXXXGOOXXXXXXXXXXXXXXXXXXXGOOXXXXXXXXXXXXXXXXXXXGOXXXXXXXXXXXXXXXXXXXXGOXXXXXXXXXXXXXXXXXXXX,0,0,0
4557,42,3,39,130,428,0,0,469,255,214,GAOXXXXXXXXXXXXXXXXXXXGOOXXXXXXXXXXXXXXXXXXXGOAOXXXXXXXXXXXXXXXXXXGOOOXXXXXXXXXXXXXXXXXXGOOOXXXXXXXXXXXXXXXXXXGOOOXXXXXXXXXXXXXXXXXXGOOXXXXXXXXXXXXXXXXXXXGOOAXXXXXXXXXXXXXXXXXXGOOXXXXXXXXXXXXXXXXXXXGOOXXXXXXXXXXXXXXXXXXXGOOXXXXXXXXXXXXXXXXXXXGOXXXXXXXXXXXXXXXXXXXXGOXXXXXXXXXXXXXXXXXXXX,0,0,0
4578,42,2,40,138,420,0,0,462,257,205,GAOXXXXXXXXXXXXXXXXXXXGOOXXXXXXXXXXXXXXXXXXXGOOOXXXXXXXXXXXXXXXXXXGOOOXXXXXXXXXXXXXXXXXXGOOOXXXXXXXXXXXXXXXXXXGOOOXXXXXXXXXXXXXXXXXXGOOXXXXXXXXXXXXXXXXXXXGOOAXXXXXXXXXXXXXXXXXXGOOXXXXXXXXXXXXXXXXXXXGOOXXXXXXXXXXXXXXXXXXXGOOXXXXXXXXXXXXXXXXXXXGOXXXXXXXXXXXXXXXXXXXXGOXXXXXXXXXXXXXXXXXXXX,0,0,0
4599,42,2,40,136,422,0,0,464,258,206,GAOXXXXXXXXXXXXXXXXXXXGOOXXXXXXXXXXXXXXXXXXXGOOOXXXXXXXXXXXXXXXXXXGOOOXXXXXXXXXXXXXXXXXXGOOOXXXXXXXXXXXXXXXXXXGOOOXXXXXXXXXXXXXXXXXXGOOXXXXXXXXXXXXXXXXXXXGOOAXXXXXXXXXXXXXXXXXXGOOXXXXXXXXXXXXXXXXXXXGOOXXXXXXXXXXXXXXXXXXXGOOXXXXXXXXXXXXXXXXXXXGOXXXXXXXXXXXXXXXXXXXXGOXXXXXXXXXXXXXXXXXXXX,0,0,0

4620,39,2,37,148,413,0,0,452,250,202,GAOXXXXXXXXXXXXXXXXXXXGOOXXXXXXXXXXXXXXXXXXXGOOOXXXXXXXXXXXXXXXXXXGOOOXXXXXXXXXXXXXXXXXXGOOXXXXXXXXXXXXXXXXXXXGOOXXXXXXXXXXXXXXXXXXXGOOXXXXXXXXXXXXXXXXXXXGOOAXXXXXXXXXXXXXXXXXXGOOXXXXXXXXXXXXXXXXXXXGOOXXXXXXXXXXXXXXXXXXXGOOXXXXXXXXXXXXXXXXXXXGXXXXXXXXXXXXXXXXXXXXXGOXXXXXXXXXXXXXXXXXXXX,0,0,0
4641,39,0,39,151,410,0,0,452,251,201,GOOXXXXXXXXXXXXXXXXXXXGOOXXXXXXXXXXXXXXXXXXXGOOOXXXXXXXXXXXXXXXXXXGOOOXXXXXXXXXXXXXXXXXXGOOXXXXXXXXXXXXXXXXXXXGOOXXXXXXXXXXXXXXXXXXXGOOXXXXXXXXXXXXXXXXXXXGOOOXXXXXXXXXXXXXXXXXXGOOXXXXXXXXXXXXXXXXXXXGOOXXXXXXXXXXXXXXXXXXXGOOXXXXXXXXXXXXXXXXXXXGXXXXXXXXXXXXXXXXXXXXXGOXXXXXXXXXXXXXXXXXXXX,0,0,0
4662,35,1,34,152,413,0,0,450,252,198,GOOXXXXXXXXXXXXXXXXXXXGOOXXXXXXXXXXXXXXXXXXXGOOOXXXXXXXXXXXXXXXXXXGOOOXXXXXXXXXXXXXXXXXXGAXXXXXXXXXXXXXXXXXXXXGOOXXXXXXXXXXXXXXXXXXXGOXXXXXXXXXXXXXXXXXXXXGOOOXXXXXXXXXXXXXXXXXXGOOXXXXXXXXXXXXXXXXXXXGOXXXXXXXXXXXXXXXXXXXXGOOXXXXXXXXXXXXXXXXXXXGXXXXXXXXXXXXXXXXXXXXXGXXXXXXXXXXXXXXXXXXXXX,0,0,0
4683,35,1,34,155,410,0,0,447,260,187,GOOXXXXXXXXXXXXXXXXXXXGOOXXXXXXXXXXXXXXXXXXXGOOOXXXXXXXXXXXXXXXXXXGOOOXXXXXXXXXXXXXXXXXXGAXXXXXXXXXXXXXXXXXXXXGOOXXXXXXXXXXXXXXXXXXXGOXXXXXXXXXXXXXXXXXXXXGOOOXXXXXXXXXXXXXXXXXXGOOXXXXXXXXXXXXXXXXXXXGOXXXXXXXXXXXXXXXXXXXXGOOXXXXXXXXXXXXXXXXXXXGXXXXXXXXXXXXXXXXXXXXXGXXXXXXXXXXXXXXXXXXXXX,0,0,0
4704,34,1,33,157,409,0,0,444,264,180,GOOXXXXXXXXXXXXXXXXXXXGOOXXXXXXXXXXXXXXXXXXXGOOXXXXXXXXXXXXXXXXXXXGOOOXXXXXXXXXXXXXXXXXXGAXXXXXXXXXXXXXXXXXXXXGOOXXXXXXXXXXXXXXXXXXXGOXXXXXXXXXXXXXXXXXXXXGOOOXXXXXXXXXXXXXXXXXXGOOXXXXXXXXXXXXXXXXXXXGOXXXXXXXXXXXXXXXXXXXXGOOXXXXXXXXXXXXXXXXXXXGXXXXXXXXXXXXXXXXXXXXXGXXXXXXXXXXXXXXXXXXXXX,0,0,0

4725,34,1,33,156,410,0,0,445,265,180,GOOXXXXXXXXXXXXXXXXXXXGOOXXXXXXXXXXXXXXXXXXXGOOXXXXXXXXXXXXXXXXXXXGOOOXXXXXXXXXXXXXXXXXXGAXXXXXXXXXXXXXXXXXXXXGOOXXXXXXXXXXXXXXXXXXXGOXXXXXXXXXXXXXXXXXXXXGOOOXXXXXXXXXXXXXXXXXXGOOXXXXXXXXXXXXXXXXXXXGOXXXXXXXXXXXXXXXXXXXXGOOXXXXXXXXXXXXXXXXXXXGXXXXXXXXXXXXXXXXXXXXXGXXXXXXXXXXXXXXXXXXXXX,0,0,0
4746,34,1,33,159,407,0,0,443,270,173,GOOXXXXXXXXXXXXXXXXXXXGOOXXXXXXXXXXXXXXXXXXXGOOXXXXXXXXXXXXXXXXXXXGOOOXXXXXXXXXXXXXXXXXXGAXXXXXXXXXXXXXXXXXXXXGOOXXXXXXXXXXXXXXXXXXXGOXXXXXXXXXXXXXXXXXXXXGOOOXXXXXXXXXXXXXXXXXXGOOXXXXXXXXXXXXXXXXXXXGOXXXXXXXXXXXXXXXXXXXXGOOXXXXXXXXXXXXXXXXXXXGXXXXXXXXXXXXXXXXXXXXXGXXXXXXXXXXXXXXXXXXXXX,0,0,0
4767,33,1,32,158,409,0,0,443,275,168,GOXXXXXXXXXXXXXXXXXXXXGOOXXXXXXXXXXXXXXXXXXXGOOXXXXXXXXXXXXXXXXXXXGOOOXXXXXXXXXXXXXXXXXXGAXXXXXXXXXXXXXXXXXXXXGOOXXXXXXXXXXXXXXXXXXXGOXXXXXXXXXXXXXXXXXXXXGOOOXXXXXXXXXXXXXXXXXXGOOXXXXXXXXXXXXXXXXXXXGOXXXXXXXXXXXXXXXXXXXXGOOXXXXXXXXXXXXXXXXXXXGXXXXXXXXXXXXXXXXXXXXXGXXXXXXXXXXXXXXXXXXXXX,0,0,0
4788,34,2,32,155,411,0,0,445,279,166,GOXXXXXXXXXXXXXXXXXXXXGOOXXXXXXXXXXXXXXXXXXXGOOXXXXXXXXXXXXXXXXXXXGOOOAXXXXXXXXXXXXXXXXXGAXXXXXXXXXXXXXXXXXXXXGOOXXXXXXXXXXXXXXXXXXXGOXXXXXXXXXXXXXXXXXXXXGOOOXXXXXXXXXXXXXXXXXXGOOXXXXXXXXXXXXXXXXXXXGOXXXXXXXXXXXXXXXXXXXXGOOXXXXXXXXXXXXXXXXXXXGXXXXXXXXXXXXXXXXXXXXXGXXXXXXXXXXXXXXXXXXXXX,0,0,0
4809,33,3,30,154,413,0,0,443,284,159,GOXXXXXXXXXXXXXXXXXXXXGOXXXXXXXXXXXXXXXXXXXXGOOXXXXXXXXXXXXXXXXXXXGOOOAXXXXXXXXXXXXXXXXXGAXXXXXXXXXXXXXXXXXXXXGOXXXXXXXXXXXXXXXXXXXXGOXXXXXXXXXXXXXXXXXXXXGOOOXXXXXXXXXXXXXXXXXXGOOXXXXXXXXXXXXXXXXXXXGOXXXXXXXXXXXXXXXXXXXXGOOXXXXXXXXXXXXXXXXXXXGAXXXXXXXXXXXXXXXXXXXXGXXXXXXXXXXXXXXXXXXXXX,0,0,0

4830,34,4,30,159,407,0,0,438,281,157,GOXXXXXXXXXXXXXXXXXXXXGOXXXXXXXXXXXXXXXXXXXXGOOXXXXXXXXXXXXXXXXXXXGOOOAXXXXXXXXXXXXXXXXXGAXXXXXXXXXXXXXXXXXXXXGOXXXXXXXXXXXXXXXXXXXXGOAXXXXXXXXXXXXXXXXXXXGOOOXXXXXXXXXXXXXXXXXXGOOXXXXXXXXXXXXXXXXXXXGOXXXXXXXXXXXXXXXXXXXXGOOXXXXXXXXXXXXXXXXXXXGAXXXXXXXXXXXXXXXXXXXXGXXXXXXXXXXXXXXXXXXXXX,0,0,0
4851,34,4,30,159,407,0,0,437,278,159,GOXXXXXXXXXXXXXXXXXXXXGOXXXXXXXXXXXXXXXXXXXXGOOXXXXXXXXXXXXXXXXXXXGOOOAXXXXXXXXXXXXXXXXXGAXXXXXXXXXXXXXXXXXXXXGOXXXXXXXXXXXXXXXXXXXXGOAXXXXXXXXXXXXXXXXXXXGOOOXXXXXXXXXXXXXXXXXXGOOXXXXXXXXXXXXXXXXXXXGOXXXXXXXXXXXXXXXXXXXXGOOXXXXXXXXXXXXXXXXXXXGAXXXXXXXXXXXXXXXXXXXXGXXXXXXXXXXXXXXXXXXXXX,0,0,0
4872,34,3,31,150,416,0,0,447,278,169,GOXXXXXXXXXXXXXXXXXXXXGOXXXXXXXXXXXXXXXXXXXXGOOXXXXXXXXXXXXXXXXXXXGOOOOXXXXXXXXXXXXXXXXXGAXXXXXXXXXXXXXXXXXXXXGOXXXXXXXXXXXXXXXXXXXXGOAXXXXXXXXXXXXXXXXXXXGOOOXXXXXXXXXXXXXXXXXXGOOXXXXXXXXXXXXXXXXXXXGOXXXXXXXXXXXXXXXXXXXXGOOXXXXXXXXXXXXXXXXXXXGAXXXXXXXXXXXXXXXXXXXXGXXXXXXXXXXXXXXXXXXXXX,0,0,0
4893,34,3,31,135,431,0,0,463,278,185,GOXXXXXXXXXXXXXXXXXXXXGOXXXXXXXXXXXXXXXXXXXXGOOXXXXXXXXXXXXXXXXXXXGOOOOXXXXXXXXXXXXXXXXXGAXXXXXXXXXXXXXXXXXXXXGOXXXXXXXXXXXXXXXXXXXXGOAXXXXXXXXXXXXXXXXXXXGOOOXXXXXXXXXXXXXXXXXXGOOXXXXXXXXXXXXXXXXXXXGOXXXXXXXXXXXXXXXXXXXXGOOXXXXXXXXXXXXXXXXXXXGAXXXXXXXXXXXXXXXXXXXXGXXXXXXXXXXXXXXXXXXXXX,0,0,0
4914,33,4,29,132,435,0,0,465,280,185,GOXXXXXXXXXXXXXXXXXXXXGOAXXXXXXXXXXXXXXXXXXXGOOXXXXXXXXXXXXXXXXXXXGOOOXXXXXXXXXXXXXXXXXXGAXXXXXXXXXXXXXXXXXXXXGXXXXXXXXXXXXXXXXXXXXXGOAXXXXXXXXXXXXXXXXXXXGOOOXXXXXXXXXXXXXXXXXXGOOXXXXXXXXXXXXXXXXXXXGOXXXXXXXXXXXXXXXXXXXXGOOXXXXXXXXXXXXXXXXXXXGAXXXXXXXXXXXXXXXXXXXXGXXXXXXXXXXXXXXXXXXXXX,0,0,0

4935,33,3,30,133,434,0,0,465,277,188,GOXXXXXXXXXXXXXXXXXXXXGOAXXXXXXXXXXXXXXXXXXXGOOXXXXXXXXXXXXXXXXXXXGOOOXXXXXXXXXXXXXXXXXXGOXXXXXXXXXXXXXXXXXXXXGXXXXXXXXXXXXXXXXXXXXXGOAXXXXXXXXXXXXXXXXXXXGOOOXXXXXXXXXXXXXXXXXXGOOXXXXXXXXXXXXXXXXXXXGOXXXXXXXXXXXXXXXXXXXXGOOXXXXXXXXXXXXXXXXXXXGAXXXXXXXXXXXXXXXXXXXXGXXXXXXXXXXXXXXXXXXXXX,0,0,0
4956,33,2,31,133,434,0,0,465,276,189,GOXXXXXXXXXXXXXXXXXXXXGOAXXXXXXXXXXXXXXXXXXXGOOXXXXXXXXXXXXXXXXXXXGOOOXXXXXXXXXXXXXXXXXXGOXXXXXXXXXXXXXXXXXXXXGXXXXXXXXXXXXXXXXXXXXXGOAXXXXXXXXXXXXXXXXXXXGOOOXXXXXXXXXXXXXXXXXXGOOXXXXXXXXXXXXXXXXXXXGOXXXXXXXXXXXXXXXXXXXXGOOXXXXXXXXXXXXXXXXXXXGOXXXXXXXXXXXXXXXXXXXXGXXXXXXXXXXXXXXXXXXXXX,0,0,0
4977,33,2,31,133,434,0,0,469,270,199,GOXXXXXXXXXXXXXXXXXXXXGOAXXXXXXXXXXXXXXXXXXXGOOXXXXXXXXXXXXXXXXXXXGOOOXXXXXXXXXXXXXXXXXXGOXXXXXXXXXXXXXXXXXXXXGXXXXXXXXXXXXXXXXXXXXXGOAXXXXXXXXXXXXXXXXXXXGOOOXXXXXXXXXXXXXXXXXXGOOXXXXXXXXXXXXXXXXXXXGOXXXXXXXXXXXXXXXXXXXXGOOXXXXXXXXXXXXXXXXXXXGOXXXXXXXXXXXXXXXXXXXXGXXXXXXXXXXXXXXXXXXXXX,0,0,0
4998,33,2,31,130,437,0,0,471,274,197,GOXXXXXXXXXXXXXXXXXXXXGOAXXXXXXXXXXXXXXXXXXXGOOXXXXXXXXXXXXXXXXXXXGOOOXXXXXXXXXXXXXXXXXXGOXXXXXXXXXXXXXXXXXXXXGXXXXXXXXXXXXXXXXXXXXXGOAXXXXXXXXXXXXXXXXXXXGOOOXXXXXXXXXXXXXXXXXXGOOXXXXXXXXXXXXXXXXXXXGOXXXXXXXXXXXXXXXXXXXXGOOXXXXXXXXXXXXXXXXXXXGOXXXXXXXXXXXXXXXXXXXXGXXXXXXXXXXXXXXXXXXXXX,0,0,0
5019,33,3,30,128,439,0,0,472,273,199,GOXXXXXXXXXXXXXXXXXXXXGOAAXXXXXXXXXXXXXXXXXXGOOXXXXXXXXXXXXXXXXXXXGOOOXXXXXXXXXXXXXXXXXXGOXXXXXXXXXXXXXXXXXXXXGXXXXXXXXXXXXXXXXXXXXXGOAXXXXXXXXXXXXXXXXXXXGOOXXXXXXXXXXXXXXXXXXXGOOXXXXXXXXXXXXXXXXXXXGOXXXXXXXXXXXXXXXXXXXXGOOXXXXXXXXXXXXXXXXXXXGOXXXXXXXXXXXXXXXXXXXXGXXXXXXXXXXXXXXXXXXXXX,0,0,0

5040,33,3,30,130,437,0,0,470,268,202,GOXXXXXXXXXXXXXXXXXXXXGOAAXXXXXXXXXXXXXXXXXXGOOXXXXXXXXXXXXXXXXXXXGOOOXXXXXXXXXXXXXXXXXXGOXXXXXXXXXXXXXXXXXXXXGXXXXXXXXXXXXXXXXXXXXXGOAXXXXXXXXXXXXXXXXXXXGOOXXXXXXXXXXXXXXXXXXXGOOXXXXXXXXXXXXXXXXXXXGOXXXXXXXXXXXXXXXXXXXXGOOXXXXXXXXXXXXXXXXXXXGOXXXXXXXXXXXXXXXXXXXXGXXXXXXXXXXXXXXXXXXXXX,0,0,0
5061,33,4,29,128,439,0,0,470,267,203,GOXXXXXXXXXXXXXXXXXXXXGOAAXXXXXXXXXXXXXXXXXXGOOXXXXXXXXXXXXXXXXXXXGOOOXXXXXXXXXXXXXXXXXXGOXXXXXXXXXXXXXXXXXXXXGXXXXXXXXXXXXXXXXXXXXXGOAXXXXXXXXXXXXXXXXXXXGOOXXXXXXXXXXXXXXXXXXXGOXXXXXXXXXXXXXXXXXXXXGOXXXXXXXXXXXXXXXXXXXXGOOXXXXXXXXXXXXXXXXXXXGOAXXXXXXXXXXXXXXXXXXXGXXXXXXXXXXXXXXXXXXXXX,0,0,0
5082,33,3,30,134,433,0,0,463,260,203,GOXXXXXXXXXXXXXXXXXXXXGOOAXXXXXXXXXXXXXXXXXXGOOXXXXXXXXXXXXXXXXXXXGOOOXXXXXXXXXXXXXXXXXXGOXXXXXXXXXXXXXXXXXXXXGXXXXXXXXXXXXXXXXXXXXXGOAXXXXXXXXXXXXXXXXXXXGOOXXXXXXXXXXXXXXXXXXXGOXXXXXXXXXXXXXXXXXXXXGOXXXXXXXXXXXXXXXXXXXXGOOXXXXXXXXXXXXXXXXXXXGOAXXXXXXXXXXXXXXXXXXXGXXXXXXXXXXXXXXXXXXXXX,0,0,0
5103,33,3,30,135,432,0,0,464,267,197,GOXXXXXXXXXXXXXXXXXXXXGOOAXXXXXXXXXXXXXXXXXXGOOXXXXXXXXXXXXXXXXXXXGOOOXXXXXXXXXXXXXXXXXXGOXXXXXXXXXXXXXXXXXXXXGXXXXXXXXXXXXXXXXXXXXXGOAXXXXXXXXXXXXXXXXXXXGOOXXXXXXXXXXXXXXXXXXXGOXXXXXXXXXXXXXXXXXXXXGOXXXXXXXXXXXXXXXXXXXXGOOXXXXXXXXXXXXXXXXXXXGOAXXXXXXXXXXXXXXXXXXXGXXXXXXXXXXXXXXXXXXXXX,0,0,0
5124,33,2,31,150,417,0,0,449,261,188,GOXXXXXXXXXXXXXXXXXXXXGOOAXXXXXXXXXXXXXXXXXXGOOXXXXXXXXXXXXXXXXXXXGOOOXXXXXXXXXXXXXXXXXXGOXXXXXXXXXXXXXXXXXXXXGXXXXXXXXXXXXXXXXXXXXXGOOXXXXXXXXXXXXXXXXXXXGOOXXXXXXXXXXXXXXXXXXXGOXXXXXXXXXXXXXXXXXXXXGOXXXXXXXXXXXXXXXXXXXXGOOXXXXXXXXXXXXXXXXXXXGOAXXXXXXXXXXXXXXXXXXXGXXXXXXXXXXXXXXXXXXXXX,0,0,0

5145,34,3,31,147,419,0,0,452,269,183,GOXXXXXXXXXXXXXXXXXXXXGOOAXXXXXXXXXXXXXXXXXXGOOXXXXXXXXXXXXXXXXXXXGOOOXXXXXXXXXXXXXXXXXXGOXXXXXXXXXXXXXXXXXXXXGXXXXXXXXXXXXXXXXXXXXXGOOXXXXXXXXXXXXXXXXXXXGOOXXXXXXXXXXXXXXXXXXXGOXXXXXXXXXXXXXXXXXXXXGOXXXXXXXXXXXXXXXXXXXXGOOAXXXXXXXXXXXXXXXXXXGOAXXXXXXXXXXXXXXXXXXXGXXXXXXXXXXXXXXXXXXXXX,0,0,0
5166,29,3,26,149,422,0,0,450,273,177,GXXXXXXXXXXXXXXXXXXXXXGXXAXXXXXXXXXXXXXXXXXXGOOXXXXXXXXXXXXXXXXXXXGOOOXXXXXXXXXXXXXXXXXXGXXXXXXXXXXXXXXXXXXXXXGXXXXXXXXXXXXXXXXXXXXXGOOXXXXXXXXXXXXXXXXXXXGOOXXXXXXXXXXXXXXXXXXXGOXXXXXXXXXXXXXXXXXXXXGOXXXXXXXXXXXXXXXXXXXXGOOAXXXXXXXXXXXXXXXXXXGXAXXXXXXXXXXXXXXXXXXXGXXXXXXXXXXXXXXXXXXXXX,0,0,0
5187,28,2,26,153,419,0,0,447,279,168,GXXXXXXXXXXXXXXXXXXXXXGXXXXXXXXXXXXXXXXXXXXXGOOXXXXXXXXXXXXXXXXXXXGOOOXXXXXXXXXXXXXXXXXXGXXXXXXXXXXXXXXXXXXXXXGXXXXXXXXXXXXXXXXXXXXXGOOXXXXXXXXXXXXXXXXXXXGOOXXXXXXXXXXXXXXXXXXXGOXXXXXXXXXXXXXXXXXXXXGOXXXXXXXXXXXXXXXXXXXXGOOAXXXXXXXXXXXXXXXXXXGXAXXXXXXXXXXXXXXXXXXXGXXXXXXXXXXXXXXXXXXXXX,0,0,0
5208,28,3,25,149,423,0,0,447,282,165,GXXXXXXXXXXXXXXXXXXXXXGXXXXXXXXXXXXXXXXXXXXXGOOXXXXXXXXXXXXXXXXXXXGOOOXXXXXXXXXXXXXXXXXXGXXXXXXXXXXXXXXXXXXXXXGXXXXXXXXXXXXXXXXXXXXXGOXXXXXXXXXXXXXXXXXXXXGOOXXXXXXXXXXXXXXXXXXXGOXXXXXXXXXXXXXXXXXXXXGOXXXXXXXXXXXXXXXXXXXXGOOAAXXXXXXXXXXXXXXXXXGXAXXXXXXXXXXXXXXXXXXXGXXXXXXXXXXXXXXXXXXXXX,0,0,0
5229,31,6,25,152,417,0,0,443,280,163,GXXXXXXXXXXXXXXXXXXXXXGAXXXXXXXXXXXXXXXXXXXXGOOXXXXXXXXXXXXXXXXXXXGOOOXXXXXXXXXXXXXXXXXXGXXXXXXXXXXXXXXXXXXXXXGXXXXXXXXXXXXXXXXXXXXXGOXXXXXXXXXXXXXXXXXXXXGOOXXXXXXXXXXXXXXXXXXXGOXXXXXXXXXXXXXXXXXXXXGOXXXXXXXXXXXXXXXXXXXXGOOAAAXXXXXXXXXXXXXXXXGXAAXXXXXXXXXXXXXXXXXXGXXXXXXXXXXXXXXXXXXXXX,0,0,0

5250,31,6,25,155,414,0,0,440,285,155,GXXXXXXXXXXXXXXXXXXXXXGAXXXXXXXXXXXXXXXXXXXXGOOXXXXXXXXXXXXXXXXXXXGOOOXXXXXXXXXXXXXXXXXXGXXXXXXXXXXXXXXXXXXXXXGXXXXXXXXXXXXXXXXXXXXXGOXXXXXXXXXXXXXXXXXXXXGOOXXXXXXXXXXXXXXXXXXXGOXXXXXXXXXXXXXXXXXXXXGOXXXXXXXXXXXXXXXXXXXXGOOAAAXXXXXXXXXXXXXXXXGXAAXXXXXXXXXXXXXXXXXXGXXXXXXXXXXXXXXXXXXXXX,0,0,0
5271,32,6,26,156,412,0,0,439,292,147,GXXXXXXXXXXXXXXXXXXXXXGAXXXXXXXXXXXXXXXXXXXXGOOXXXXXXXXXXXXXXXXXXXGOOOXXXXXXXXXXXXXXXXXXGXXXXXXXXXXXXXXXXXXXXXGXXXXXXXXXXXXXXXXXXXXXGOXXXXXXXXXXXXXXXXXXXXGOOXXXXXXXXXXXXXXXXXXXGOXXXXXXXXXXXXXXXXXXXXGOXXXXXXXXXXXXXXXXXXXXGOOAAAAXXXXXXXXXXXXXXXGXOAXXXXXXXXXXXXXXXXXXGXXXXXXXXXXXXXXXXXXXXX,0,0,0
5292,32,5,27,157,411,0,0,439,293,146,GXXXXXXXXXXXXXXXXXXXXXGAXXXXXXXXXXXXXXXXXXXXGOOXXXXXXXXXXXXXXXXXXXGOOOXXXXXXXXXXXXXXXXXXGXXXXXXXXXXXXXXXXXXXXXGXXXXXXXXXXXXXXXXXXXXXGOXXXXXXXXXXXXXXXXXXXXGOOXXXXXXXXXXXXXXXXXXXGOXXXXXXXXXXXXXXXXXXXXGOXXXXXXXXXXXXXXXXXXXXGOOAAAAXXXXXXXXXXXXXXXGXOOXXXXXXXXXXXXXXXXXXGXXXXXXXXXXXXXXXXXXXXX,0,0,0
5313,29,4,25,154,417,0,0,442,292,150,GXXXXXXXXXXXXXXXXXXXXXGAXXXXXXXXXXXXXXXXXXXXGOXXXXXXXXXXXXXXXXXXXXGOOXXXXXXXXXXXXXXXXXXXGXXXXXXXXXXXXXXXXXXXXXGXXXXXXXXXXXXXXXXXXXXXGOXXXXXXXXXXXXXXXXXXXXGOOXXXXXXXXXXXXXXXXXXXGXXXXXXXXXXXXXXXXXXXXXGOXXXXXXXXXXXXXXXXXXXXGOOAAAOXXXXXXXXXXXXXXXGXOOXXXXXXXXXXXXXXXXXXGXXXXXXXXXXXXXXXXXXXXX,0,0,0
5334,31,6,25,148,421,0,0,447,291,156,GXXXXXXXXXXXXXXXXXXXXXGAXXXXXXXXXXXXXXXXXXXXGOXXXXXXXXXXXXXXXXXXXXGOOXXXXXXXXXXXXXXXXXXXGXXXXXXXXXXXXXXXXXXXXXGXXXXXXXXXXXXXXXXXXXXXGOXXXXXXXXXXXXXXXXXXXXGOOXXXXXXXXXXXXXXXXXXXGXXXXXXXXXXXXXXXXXXXXXGOAXXXXXXXXXXXXXXXXXXXGOOAAAOAXXXXXXXXXXXXXXGXOOXXXXXXXXXXXXXXXXXXGXXXXXXXXXXXXXXXXXXXXX,0,0,0

5355,27,4,23,152,421,0,0,441,288,153,GXXXXXXXXXXXXXXXXXXXXXGOXXXXXXXXXXXXXXXXXXXXGXXXXXXXXXXXXXXXXXXXXXGOOXXXXXXXXXXXXXXXXXXXGXXXXXXXXXXXXXXXXXXXXXGXXXXXXXXXXXXXXXXXXXXXGOXXXXXXXXXXXXXXXXXXXXGOOXXXXXXXXXXXXXXXXXXXGXXXXXXXXXXXXXXXXXXXXXGOAXXXXXXXXXXXXXXXXXXXGOOAAXXAXXXXXXXXXXXXXXGXXOXXXXXXXXXXXXXXXXXXGXXXXXXXXXXXXXXXXXXXXX,0,0,0
5376,27,3,24,148,425,0,0,448,284,164,GXXXXXXXXXXXXXXXXXXXXXGOXXXXXXXXXXXXXXXXXXXXGXXXXXXXXXXXXXXXXXXXXXGOOXXXXXXXXXXXXXXXXXXXGXXXXXXXXXXXXXXXXXXXXXGXXXXXXXXXXXXXXXXXXXXXGOXXXXXXXXXXXXXXXXXXXXGOOXXXXXXXXXXXXXXXXXXXGXXXXXXXXXXXXXXXXXXXXXGOAXXXXXXXXXXXXXXXXXXXGOOOAXXAXXXXXXXXXXXXXXGXXOXXXXXXXXXXXXXXXXXXGXXXXXXXXXXXXXXXXXXXXX,0,0,0
5397,26,2,24,142,432,0,0,458,276,182,GXXXXXXXXXXXXXXXXXXXXXGOXXXXXXXXXXXXXXXXXXXXGXXXXXXXXXXXXXXXXXXXXXGOOXXXXXXXXXXXXXXXXXXXGXXXXXXXXXXXXXXXXXXXXXGXXXXXXXXXXXXXXXXXXXXXGOXXXXXXXXXXXXXXXXXXXXGOOXXXXXXXXXXXXXXXXXXXGXXXXXXXXXXXXXXXXXXXXXGOAXXXXXXXXXXXXXXXXXXXGOOOAXXXXXXXXXXXXXXXXXGXXOXXXXXXXXXXXXXXXXXXGXXXXXXXXXXXXXXXXXXXXX,0,0,0
5418,25,2,23,139,436,0,0,460,275,185,GXXXXXXXXXXXXXXXXXXXXXGOXXXXXXXXXXXXXXXXXXXXGXXXXXXXXXXXXXXXXXXXXXGOOXXXXXXXXXXXXXXXXXXXGXXXXXXXXXXXXXXXXXXXXXGXXXXXXXXXXXXXXXXXXXXXGXXXXXXXXXXXXXXXXXXXXXGOOXXXXXXXXXXXXXXXXXXXGXXXXXXXXXXXXXXXXXXXXXGOAXXXXXXXXXXXXXXXXXXXGOOOAXXXXXXXXXXXXXXXXXGXXOXXXXXXXXXXXXXXXXXXGXXXXXXXXXXXXXXXXXXXXX,0,0,0
5439,26,3,23,130,444,0,0,468,280,188,GXXXXXXXXXXXXXXXXXXXXXGOXXXXXXXXXXXXXXXXXXXXGXXXXXXXXXXXXXXXXXXXXXGOOXXXXXXXXXXXXXXXXXXXGXXXXXXXXXXXXXXXXXXXXXGXXXXXXXXXXXXXXXXXXXXXGXXXXXXXXXXXXXXXXXXXXXGOOXXXXXXXXXXXXXXXXXXXGAXXXXXXXXXXXXXXXXXXXXGOAXXXXXXXXXXXXXXXXXXXGOOOAXXXXXXXXXXXXXXXXXGXXOXXXXXXXXXXXXXXXXXXGXXXXXXXXXXXXXXXXXXXXX,0,0,0

5460,25,3,22,129,446,0,0,468,273,195,GXXXXXXXXXXXXXXXXXXXXXGXXXXXXXXXXXXXXXXXXXXXGXXXXXXXXXXXXXXXXXXXXXGOOXXXXXXXXXXXXXXXXXXXGXXXXXXXXXXXXXXXXXXXXXGXXXXXXXXXXXXXXXXXXXXXGXXXXXXXXXXXXXXXXXXXXXGOOXXXXXXXXXXXXXXXXXXXGAXXXXXXXXXXXXXXXXXXXXGOAXXXXXXXXXXXXXXXXXXXGOOOAXXXXXXXXXXXXXXXXXGXXOXXXXXXXXXXXXXXXXXXGXXXXXXXXXXXXXXXXXXXXX,0,0,0
5481,25,3,22,127,448,0,0,470,271,199,GXXXXXXXXXXXXXXXXXXXXXGXXXXXXXXXXXXXXXXXXXXXGXXXXXXXXXXXXXXXXXXXXXGOOXXXXXXXXXXXXXXXXXXXGXXXXXXXXXXXXXXXXXXXXXGXXXXXXXXXXXXXXXXXXXXXGXXXXXXXXXXXXXXXXXXXXXGOOXXXXXXXXXXXXXXXXXXXGAXXXXXXXXXXXXXXXXXXXXGOAXXXXXXXXXXXXXXXXXXXGOOOAXXXXXXXXXXXXXXXXXGXXOXXXXXXXXXXXXXXXXXXGXXXXXXXXXXXXXXXXXXXXX,0,0,0
5502,23,3,20,121,456,0,0,475,269,206,GXXXXXXXXXXXXXXXXXXXXXGXXXXXXXXXXXXXXXXXXXXXGXXXXXXXXXXXXXXXXXXXXXGOOAXXXXXXXXXXXXXXXXXXGXXXXXXXXXXXXXXXXXXXXXGXXXXXXXXXXXXXXXXXXXXXGXXXXXXXXXXXXXXXXXXXXXGOOXXXXXXXXXXXXXXXXXXXGAXXXXXXXXXXXXXXXXXXXXGOAXXXXXXXXXXXXXXXXXXXGOOXXXXXXXXXXXXXXXXXXXGXXXXXXXXXXXXXXXXXXXXXGXXXXXXXXXXXXXXXXXXXXX,0,0,0
5523,22,3,19,123,455,0,0,474,265,209,GXXXXXXXXXXXXXXXXXXXXXGXXXXXXXXXXXXXXXXXXXXXGXXXXXXXXXXXXXXXXXXXXXGOOAXXXXXXXXXXXXXXXXXXGXXXXXXXXXXXXXXXXXXXXXGXXXXXXXXXXXXXXXXXXXXXGXXXXXXXXXXXXXXXXXXXXXGOOXXXXXXXXXXXXXXXXXXXGAXXXXXXXXXXXXXXXXXXXXGOAXXXXXXXXXXXXXXXXXXXGOXXXXXXXXXXXXXXXXXXXXGXXXXXXXXXXXXXXXXXXXXXGXXXXXXXXXXXXXXXXXXXXX,0,0,0
5544,22,3,19,120,458,0,0,477,270,207,GXXXXXXXXXXXXXXXXXXXXXGXXXXXXXXXXXXXXXXXXXXXGXXXXXXXXXXXXXXXXXXXXXGOOAXXXXXXXXXXXXXXXXXXGXXXXXXXXXXXXXXXXXXXXXGXXXXXXXXXXXXXXXXXXXXXGXXXXXXXXXXXXXXXXXXXXXGOOXXXXXXXXXXXXXXXXXXXGAXXXXXXXXXXXXXXXXXXXXGOAXXXXXXXXXXXXXXXXXXXGOXXXXXXXXXXXXXXXXXXXXGXXXXXXXXXXXXXXXXXXXXXGXXXXXXXXXXXXXXXXXXXXX,0,0,0

5565,22,3,19,117,461,0,0,480,276,204,GXXXXXXXXXXXXXXXXXXXXXGXXXXXXXXXXXXXXXXXXXXXGXXXXXXXXXXXXXXXXXXXXXGOOOAXXXXXXXXXXXXXXXXXGXXXXXXXXXXXXXXXXXXXXXGXXXXXXXXXXXXXXXXXXXXXGXXXXXXXXXXXXXXXXXXXXXGOXXXXXXXXXXXXXXXXXXXXGAXXXXXXXXXXXXXXXXXXXXGOAXXXXXXXXXXXXXXXXXXXGOXXXXXXXXXXXXXXXXXXXXGXXXXXXXXXXXXXXXXXXXXXGXXXXXXXXXXXXXXXXXXXXX,0,0,0
5586,24,5,19,123,453,0,0,471,258,213,GXXXXXXXXXXXXXXXXXXXXXGXXXXXXXXXXXXXXXXXXXXXGXXXXXXXXXXXXXXXXXXXXXGOOOAXXXXXXXXXXXXXXXXXGXXXXXXXXXXXXXXXXXXXXXGXXXXXXXXXXXXXXXXXXXXXGAXXXXXXXXXXXXXXXXXXXXGOXXXXXXXXXXXXXXXXXXXXGAXXXXXXXXXXXXXXXXXXXXGOAAXXXXXXXXXXXXXXXXXXGOXXXXXXXXXXXXXXXXXXXXGXXXXXXXXXXXXXXXXXXXXXGXXXXXXXXXXXXXXXXXXXXX,0,0,0
5607,23,5,18,126,451,0,0,469,264,205,GXXXXXXXXXXXXXXXXXXXXXGXXXXXXXXXXXXXXXXXXXXXGXXXXXXXXXXXXXXXXXXXXXGOOOAXXXXXXXXXXXXXXXXXGXXXXXXXXXXXXXXXXXXXXXGXXXXXXXXXXXXXXXXXXXXXGAXXXXXXXXXXXXXXXXXXXXGOXXXXXXXXXXXXXXXXXXXXGAXXXXXXXXXXXXXXXXXXXXGOAAXXXXXXXXXXXXXXXXXXGXXXXXXXXXXXXXXXXXXXXXGXXXXXXXXXXXXXXXXXXXXXGXXXXXXXXXXXXXXXXXXXXX,0,0,0
5628,23,5,18,130,447,0,0,465,263,202,GXXXXXXXXXXXXXXXXXXXXXGXXXXXXXXXXXXXXXXXXXXXGXXXXXXXXXXXXXXXXXXXXXGOOOAXXXXXXXXXXXXXXXXXGXXXXXXXXXXXXXXXXXXXXXGXXXXXXXXXXXXXXXXXXXXXGAXXXXXXXXXXXXXXXXXXXXGOXXXXXXXXXXXXXXXXXXXXGAXXXXXXXXXXXXXXXXXXXXGOAAXXXXXXXXXXXXXXXXXXGXXXXXXXXXXXXXXXXXXXXXGXXXXXXXXXXXXXXXXXXXXXGXXXXXXXXXXXXXXXXXXXXX,0,0,0
5649,23,4,19,136,441,0,0,462,256,206,GXXXXXXXXXXXXXXXXXXXXXGXXXXXXXXXXXXXXXXXXXXXGXXXXXXXXXXXXXXXXXXXXXGOOOAXXXXXXXXXXXXXXXXXGXXXXXXXXXXXXXXXXXXXXXGXXXXXXXXXXXXXXXXXXXXXGAXXXXXXXXXXXXXXXXXXXXGOXXXXXXXXXXXXXXXXXXXXGAXXXXXXXXXXXXXXXXXXXXGOOAXXXXXXXXXXXXXXXXXXGXXXXXXXXXXXXXXXXXXXXXGXXXXXXXXXXXXXXXXXXXXXGXXXXXXXXXXXXXXXXXXXXX,0,0,0

5670,23,4,19,147,430,0,0,451,256,195,GXXXXXXXXXXXXXXXXXXXXXGXXXXXXXXXXXXXXXXXXXXXGXXXXXXXXXXXXXXXXXXXXXGOOOAXXXXXXXXXXXXXXXXXGXXXXXXXXXXXXXXXXXXXXXGXXXXXXXXXXXXXXXXXXXXXGAXXXXXXXXXXXXXXXXXXXXGOXXXXXXXXXXXXXXXXXXXXGAXXXXXXXXXXXXXXXXXXXXGOOAXXXXXXXXXXXXXXXXXXGXXXXXXXXXXXXXXXXXXXXXGXXXXXXXXXXXXXXXXXXXXXGXXXXXXXXXXXXXXXXXXXXX,0,0,0
5691,26,7,19,147,427,0,0,448,261,187,GAXXXXXXXXXXXXXXXXXXXXGXXXXXXXXXXXXXXXXXXXXXGXXXXXXXXXXXXXXXXXXXXXGOOOAAXXXXXXXXXXXXXXXXGXXXXXXXXXXXXXXXXXXXXXGAXXXXXXXXXXXXXXXXXXXXGAXXXXXXXXXXXXXXXXXXXXGOXXXXXXXXXXXXXXXXXXXXGAXXXXXXXXXXXXXXXXXXXXGOOAXXXXXXXXXXXXXXXXXXGXXXXXXXXXXXXXXXXXXXXXGXXXXXXXXXXXXXXXXXXXXXGXXXXXXXXXXXXXXXXXXXXX,0,0,0
5712,25,6,19,152,423,0,0,444,263,181,GOXXXXXXXXXXXXXXXXXXXXGXXXXXXXXXXXXXXXXXXXXXGXXXXXXXXXXXXXXXXXXXXXGOOOAAXXXXXXXXXXXXXXXXGXXXXXXXXXXXXXXXXXXXXXGAXXXXXXXXXXXXXXXXXXXXGAXXXXXXXXXXXXXXXXXXXXGOXXXXXXXXXXXXXXXXXXXXGAXXXXXXXXXXXXXXXXXXXXGOXAXXXXXXXXXXXXXXXXXXGXXXXXXXXXXXXXXXXXXXXXGXXXXXXXXXXXXXXXXXXXXXGXXXXXXXXXXXXXXXXXXXXX,0,0,0
5733,25,6,19,150,425,0,0,445,270,175,GOXXXXXXXXXXXXXXXXXXXXGXXXXXXXXXXXXXXXXXXXXXGXXXXXXXXXXXXXXXXXXXXXGOOOAAXXXXXXXXXXXXXXXXGXXXXXXXXXXXXXXXXXXXXXGAXXXXXXXXXXXXXXXXXXXXGAXXXXXXXXXXXXXXXXXXXXGOXXXXXXXXXXXXXXXXXXXXGAXXXXXXXXXXXXXXXXXXXXGOXXXXXXXXXXXXXXXXXXXXGXXXXXXXXXXXXXXXXXXXXXGAXXXXXXXXXXXXXXXXXXXXGXXXXXXXXXXXXXXXXXXXXX,0,0,0
5754,25,6,19,151,424,0,0,443,267,176,GOXXXXXXXXXXXXXXXXXXXXGXXXXXXXXXXXXXXXXXXXXXGXXXXXXXXXXXXXXXXXXXXXGOOOAAXXXXXXXXXXXXXXXXGXXXXXXXXXXXXXXXXXXXXXGAXXXXXXXXXXXXXXXXXXXXGAXXXXXXXXXXXXXXXXXXXXGOXXXXXXXXXXXXXXXXXXXXGAXXXXXXXXXXXXXXXXXXXXGOXXXXXXXXXXXXXXXXXXXXGXXXXXXXXXXXXXXXXXXXXXGAXXXXXXXXXXXXXXXXXXXXGXXXXXXXXXXXXXXXXXXXXX,0,0,0

5775,25,6,19,163,412,0,0,432,263,169,GOXXXXXXXXXXXXXXXXXXXXGXXXXXXXXXXXXXXXXXXXXXGXXXXXXXXXXXXXXXXXXXXXGOOOAAXXXXXXXXXXXXXXXXGXXXXXXXXXXXXXXXXXXXXXGAXXXXXXXXXXXXXXXXXXXXGAXXXXXXXXXXXXXXXXXXXXGOXXXXXXXXXXXXXXXXXXXXGAXXXXXXXXXXXXXXXXXXXXGOXXXXXXXXXXXXXXXXXXXXGXXXXXXXXXXXXXXXXXXXXXGAXXXXXXXXXXXXXXXXXXXXGXXXXXXXXXXXXXXXXXXXXX,0,0,0
5796,25,6,19,175,400,0,0,420,259,161,GOXXXXXXXXXXXXXXXXXXXXGXXXXXXXXXXXXXXXXXXXXXGXXXXXXXXXXXXXXXXXXXXXGOOOAAXXXXXXXXXXXXXXXXGXXXXXXXXXXXXXXXXXXXXXGAXXXXXXXXXXXXXXXXXXXXGAXXXXXXXXXXXXXXXXXXXXGOXXXXXXXXXXXXXXXXXXXXGAXXXXXXXXXXXXXXXXXXXXGOXXXXXXXXXXXXXXXXXXXXGXXXXXXXXXXXXXXXXXXXXXGAXXXXXXXXXXXXXXXXXXXXGXXXXXXXXXXXXXXXXXXXXX,0,0,0
5817,24,6,18,172,404,0,0,423,262,161,GOXXXXXXXXXXXXXXXXXXXXGXXXXXXXXXXXXXXXXXXXXXGXXXXXXXXXXXXXXXXXXXXXGOOXAAXXXXXXXXXXXXXXXXGXXXXXXXXXXXXXXXXXXXXXGAXXXXXXXXXXXXXXXXXXXXGAXXXXXXXXXXXXXXXXXXXXGOXXXXXXXXXXXXXXXXXXXXGAXXXXXXXXXXXXXXXXXXXXGOXXXXXXXXXXXXXXXXXXXXGXXXXXXXXXXXXXXXXXXXXXGAXXXXXXXXXXXXXXXXXXXXGXXXXXXXXXXXXXXXXXXXXX,0,0,0
5838,22,4,18,171,407,0,0,425,264,161,GOXXXXXXXXXXXXXXXXXXXXGXXXXXXXXXXXXXXXXXXXXXGXXXXXXXXXXXXXXXXXXXXXGOOXXXXXXXXXXXXXXXXXXXGXXXXXXXXXXXXXXXXXXXXXGAXXXXXXXXXXXXXXXXXXXXGAXXXXXXXXXXXXXXXXXXXXGOXXXXXXXXXXXXXXXXXXXXGAXXXXXXXXXXXXXXXXXXXXGOXXXXXXXXXXXXXXXXXXXXGXXXXXXXXXXXXXXXXXXXXXGAXXXXXXXXXXXXXXXXXXXXGXXXXXXXXXXXXXXXXXXXXX,0,0,0
5859,22,4,18,166,412,0,0,430,262,168,GOXXXXXXXXXXXXXXXXXXXXGXXXXXXXXXXXXXXXXXXXXXGXXXXXXXXXXXXXXXXXXXXXGOOXXXXXXXXXXXXXXXXXXXGXXXXXXXXXXXXXXXXXXXXXGAXXXXXXXXXXXXXXXXXXXXGAXXXXXXXXXXXXXXXXXXXXGOXXXXXXXXXXXXXXXXXXXXGAXXXXXXXXXXXXXXXXXXXXGOXXXXXXXXXXXXXXXXXXXXGXXXXXXXXXXXXXXXXXXXXXGAXXXXXXXXXXXXXXXXXXXXGXXXXXXXXXXXXXXXXXXXXX,0,0,0

5880,22,4,18,169,409,0,0,427,254,173,GOXXXXXXXXXXXXXXXXXXXXGXXXXXXXXXXXXXXXXXXXXXGXXXXXXXXXXXXXXXXXXXXXGOOXXXXXXXXXXXXXXXXXXXGXXXXXXXXXXXXXXXXXXXXXGAXXXXXXXXXXXXXXXXXXXXGAXXXXXXXXXXXXXXXXXXXXGOXXXXXXXXXXXXXXXXXXXXGAXXXXXXXXXXXXXXXXXXXXGOXXXXXXXXXXXXXXXXXXXXGXXXXXXXXXXXXXXXXXXXXXGAXXXXXXXXXXXXXXXXXXXXGXXXXXXXXXXXXXXXXXXXXX,0,0,0
5901,23,4,19,159,418,0,0,438,256,182,GOXXXXXXXXXXXXXXXXXXXXGXXXXXXXXXXXXXXXXXXXXXGXXXXXXXXXXXXXXXXXXXXXGOOXXXXXXXXXXXXXXXXXXXGAXXXXXXXXXXXXXXXXXXXXGAXXXXXXXXXXXXXXXXXXXXGOXXXXXXXXXXXXXXXXXXXXGOXXXXXXXXXXXXXXXXXXXXGAXXXXXXXXXXXXXXXXXXXXGOXXXXXXXXXXXXXXXXXXXXGXXXXXXXXXXXXXXXXXXXXXGAXXXXXXXXXXXXXXXXXXXXGXXXXXXXXXXXXXXXXXXXXX,0,0,0
5922,23,3,20,159,418,0,0,439,256,183,GOXXXXXXXXXXXXXXXXXXXXGXXXXXXXXXXXXXXXXXXXXXGXXXXXXXXXXXXXXXXXXXXXGOOXXXXXXXXXXXXXXXXXXXGAXXXXXXXXXXXXXXXXXXXXGAXXXXXXXXXXXXXXXXXXXXGOXXXXXXXXXXXXXXXXXXXXGOXXXXXXXXXXXXXXXXXXXXGOXXXXXXXXXXXXXXXXXXXXGOXXXXXXXXXXXXXXXXXXXXGXXXXXXXXXXXXXXXXXXXXXGAXXXXXXXXXXXXXXXXXXXXGXXXXXXXXXXXXXXXXXXXXX,0,0,0
5943,24,1,23,159,417,0,0,441,249,192,GOXXXXXXXXXXXXXXXXXXXXGXXXXXXXXXXXXXXXXXXXXXGOXXXXXXXXXXXXXXXXXXXXGOOXXXXXXXXXXXXXXXXXXXGOXXXXXXXXXXXXXXXXXXXXGOXXXXXXXXXXXXXXXXXXXXGOXXXXXXXXXXXXXXXXXXXXGOXXXXXXXXXXXXXXXXXXXXGOXXXXXXXXXXXXXXXXXXXXGOXXXXXXXXXXXXXXXXXXXXGXXXXXXXXXXXXXXXXXXXXXGAXXXXXXXXXXXXXXXXXXXXGXXXXXXXXXXXXXXXXXXXXX,0,0,0
5964,22,1,21,158,420,0,0,443,246,197,GXXXXXXXXXXXXXXXXXXXXXGXXXXXXXXXXXXXXXXXXXXXGOXXXXXXXXXXXXXXXXXXXXGOOXXXXXXXXXXXXXXXXXXXGOXXXXXXXXXXXXXXXXXXXXGXXXXXXXXXXXXXXXXXXXXXGOXXXXXXXXXXXXXXXXXXXXGOXXXXXXXXXXXXXXXXXXXXGOXXXXXXXXXXXXXXXXXXXXGOXXXXXXXXXXXXXXXXXXXXGXXXXXXXXXXXXXXXXXXXXXGAXXXXXXXXXXXXXXXXXXXXGXXXXXXXXXXXXXXXXXXXXX,0,0,0

5985,22,1,21,154,424,0,0,446,247,199,GXXXXXXXXXXXXXXXXXXXXXGXXXXXXXXXXXXXXXXXXXXXGOXXXXXXXXXXXXXXXXXXXXGOOXXXXXXXXXXXXXXXXXXXGOXXXXXXXXXXXXXXXXXXXXGXXXXXXXXXXXXXXXXXXXXXGOXXXXXXXXXXXXXXXXXXXXGOXXXXXXXXXXXXXXXXXXXXGOXXXXXXXXXXXXXXXXXXXXGOXXXXXXXXXXXXXXXXXXXXGXXXXXXXXXXXXXXXXXXXXXGAXXXXXXXXXXXXXXXXXXXXGXXXXXXXXXXXXXXXXXXXXX,0,0,0
6006,22,1,21,154,424,0,0,446,246,200,GXXXXXXXXXXXXXXXXXXXXXGXXXXXXXXXXXXXXXXXXXXXGOXXXXXXXXXXXXXXXXXXXXGOOXXXXXXXXXXXXXXXXXXXGOXXXXXXXXXXXXXXXXXXXXGXXXXXXXXXXXXXXXXXXXXXGOXXXXXXXXXXXXXXXXXXXXGOXXXXXXXXXXXXXXXXXXXXGOXXXXXXXXXXXXXXXXXXXXGOXXXXXXXXXXXXXXXXXXXXGXXXXXXXXXXXXXXXXXXXXXGAXXXXXXXXXXXXXXXXXXXXGXXXXXXXXXXXXXXXXXXXXX,0,0,0
6027,23,2,21,154,423,0,0,445,238,207,GXXXXXXXXXXXXXXXXXXXXXGXXXXXXXXXXXXXXXXXXXXXGOXXXXXXXXXXXXXXXXXXXXGOOXXXXXXXXXXXXXXXXXXXGOXXXXXXXXXXXXXXXXXXXXGAXXXXXXXXXXXXXXXXXXXXGOXXXXXXXXXXXXXXXXXXXXGOXXXXXXXXXXXXXXXXXXXXGOXXXXXXXXXXXXXXXXXXXXGOXXXXXXXXXXXXXXXXXXXXGXXXXXXXXXXXXXXXXXXXXXGAXXXXXXXXXXXXXXXXXXXXGXXXXXXXXXXXXXXXXXXXXX,0,0,0
6048,23,2,21,152,425,0,0,449,237,212,GXXXXXXXXXXXXXXXXXXXXXGXXXXXXXXXXXXXXXXXXXXXGOXXXXXXXXXXXXXXXXXXXXGOOXXXXXXXXXXXXXXXXXXXGOXXXXXXXXXXXXXXXXXXXXGAXXXXXXXXXXXXXXXXXXXXGOXXXXXXXXXXXXXXXXXXXXGOXXXXXXXXXXXXXXXXXXXXGOXXXXXXXXXXXXXXXXXXXXGOXXXXXXXXXXXXXXXXXXXXGXXXXXXXXXXXXXXXXXXXXXGAXXXXXXXXXXXXXXXXXXXXGXXXXXXXXXXXXXXXXXXXXX,0,0,0
6069,23,2,21,156,421,0,0,444,232,212,GXXXXXXXXXXXXXXXXXXXXXGXXXXXXXXXXXXXXXXXXXXXGOXXXXXXXXXXXXXXXXXXXXGOOXXXXXXXXXXXXXXXXXXXGOXXXXXXXXXXXXXXXXXXXXGAXXXXXXXXXXXXXXXXXXXXGOXXXXXXXXXXXXXXXXXXXXGOXXXXXXXXXXXXXXXXXXXXGOXXXXXXXXXXXXXXXXXXXXGOXXXXXXXXXXXXXXXXXXXXGXXXXXXXXXXXXXXXXXXXXXGAXXXXXXXXXXXXXXXXXXXXGXXXXXXXXXXXXXXXXXXXXX,0,0,0

6090,23,2,21,148,429,0,0,451,238,213,GXXXXXXXXXXXXXXXXXXXXXGXXXXXXXXXXXXXXXXXXXXXGOXXXXXXXXXXXXXXXXXXXXGOOXXXXXXXXXXXXXXXXXXXGOXXXXXXXXXXXXXXXXXXXXGAXXXXXXXXXXXXXXXXXXXXGOXXXXXXXXXXXXXXXXXXXXGOXXXXXXXXXXXXXXXXXXXXGOXXXXXXXXXXXXXXXXXXXXGOXXXXXXXXXXXXXXXXXXXXGXXXXXXXXXXXXXXXXXXXXXGAXXXXXXXXXXXXXXXXXXXXGXXXXXXXXXXXXXXXXXXXXX,0,0,0
6111,22,2,20,150,428,0,0,451,243,208,GXXXXXXXXXXXXXXXXXXXXXGXXXXXXXXXXXXXXXXXXXXXGXXXXXXXXXXXXXXXXXXXXXGOOXXXXXXXXXXXXXXXXXXXGOXXXXXXXXXXXXXXXXXXXXGAXXXXXXXXXXXXXXXXXXXXGOXXXXXXXXXXXXXXXXXXXXGOXXXXXXXXXXXXXXXXXXXXGOXXXXXXXXXXXXXXXXXXXXGOXXXXXXXXXXXXXXXXXXXXGXXXXXXXXXXXXXXXXXXXXXGAXXXXXXXXXXXXXXXXXXXXGXXXXXXXXXXXXXXXXXXXXX,0,0,0
6132,23,3,20,151,426,0,0,448,246,202,GXXXXXXXXXXXXXXXXXXXXXGXXXXXXXXXXXXXXXXXXXXXGXXXXXXXXXXXXXXXXXXXXXGOOXXXXXXXXXXXXXXXXXXXGOAXXXXXXXXXXXXXXXXXXXGAXXXXXXXXXXXXXXXXXXXXGOXXXXXXXXXXXXXXXXXXXXGOXXXXXXXXXXXXXXXXXXXXGOXXXXXXXXXXXXXXXXXXXXGOXXXXXXXXXXXXXXXXXXXXGXXXXXXXXXXXXXXXXXXXXXGAXXXXXXXXXXXXXXXXXXXXGXXXXXXXXXXXXXXXXXXXXX,0,0,0
6153,24,3,21,153,423,0,0,446,242,204,GAXXXXXXXXXXXXXXXXXXXXGXXXXXXXXXXXXXXXXXXXXXGXXXXXXXXXXXXXXXXXXXXXGOOXXXXXXXXXXXXXXXXXXXGOAXXXXXXXXXXXXXXXXXXXGAXXXXXXXXXXXXXXXXXXXXGOXXXXXXXXXXXXXXXXXXXXGOXXXXXXXXXXXXXXXXXXXXGOXXXXXXXXXXXXXXXXXXXXGOXXXXXXXXXXXXXXXXXXXXGXXXXXXXXXXXXXXXXXXXXXGOXXXXXXXXXXXXXXXXXXXXGXXXXXXXXXXXXXXXXXXXXX,0,0,0
6174,24,3,21,158,418,0,0,443,239,204,GAXXXXXXXXXXXXXXXXXXXXGXXXXXXXXXXXXXXXXXXXXXGXXXXXXXXXXXXXXXXXXXXXGOOXXXXXXXXXXXXXXXXXXXGOAXXXXXXXXXXXXXXXXXXXGAXXXXXXXXXXXXXXXXXXXXGOXXXXXXXXXXXXXXXXXXXXGOXXXXXXXXXXXXXXXXXXXXGOXXXXXXXXXXXXXXXXXXXXGOXXXXXXXXXXXXXXXXXXXXGXXXXXXXXXXXXXXXXXXXXXGOXXXXXXXXXXXXXXXXXXXXGXXXXXXXXXXXXXXXXXXXXX,0,0,0

